126.17,0,0
126.24,0.15867,0
126.31,0.31752,0
126.38,0.47654,0
126.45,0.63573,0
126.52,0.79509,0
126.58,0.95462,0
126.65,1.1143,0
126.72,1.2742,0
126.78,1.4342,0
126.85,1.5945,0
126.92,1.7548,0
126.98,1.9154,0
127.05,2.0761,0
127.11,2.237,0
127.18,2.398,0
127.24,2.5593,0
127.31,2.7206,0
127.37,2.8822,0
127.44,3.0439,0
127.5,3.2058,0
127.56,3.3678,0
127.63,3.53,0
127.69,3.6924,0
127.75,3.8549,0
127.82,4.0176,0
127.88,4.1805,0
127.94,4.3435,0
128,4.5066,0
128.06,4.67,0
128.13,4.8335,0
128.19,4.9971,0
128.25,5.1609,0
128.31,5.3249,0
128.37,5.489,0
128.43,5.6533,0
128.49,5.8178,0
128.55,5.9824,0
128.61,6.1471,0
128.66,6.312,0
128.72,6.4771,0
128.78,6.6423,0
128.84,6.8077,0
128.9,6.9732,0
128.95,7.1389,0
129.01,7.3047,0
129.07,7.4707,0
129.13,7.6368,0
129.18,7.8031,0
129.24,7.9695,0
129.29,8.1361,0
129.35,8.3028,0
129.4,8.4697,0
129.46,8.6367,0
129.51,8.8039,0
129.57,8.9712,0
129.62,9.1387,0
129.68,9.3063,0
129.73,9.4741,0
129.78,9.642,0
129.84,9.81,0
129.89,9.9782,0
129.94,10.147,0
129.99,10.315,0
130.05,10.484,0
130.1,10.652,0
130.15,10.821,0
130.2,10.99,0
130.25,11.16,0
130.3,11.329,0
130.35,11.498,0
130.4,11.668,0
130.45,11.838,0
130.5,12.008,0
130.55,12.178,0
130.6,12.348,0
130.65,12.518,0
130.7,12.688,0
130.74,12.859,0
130.79,13.03,0
130.84,13.201,0
130.89,13.372,0
130.93,13.543,0
130.98,13.714,0
131.03,13.885,0
131.07,14.057,0
131.12,14.228,0
131.16,14.4,0
131.21,14.572,0
131.25,14.744,0
131.3,14.916,0
131.34,15.089,0
131.39,15.261,0
131.43,15.433,0
131.48,15.606,0
131.52,15.779,0
131.56,15.952,0
131.6,16.125,0
131.65,16.298,0
131.69,16.471,0
131.73,16.645,0
131.77,16.818,0
131.81,16.992,0
131.85,17.166,0
131.9,17.34,0
131.94,17.514,0
131.98,17.688,0
132.02,17.862,0
132.05,18.037,0
132.09,18.211,0
132.13,18.386,0
132.17,18.56,0
132.21,18.735,0
132.25,18.91,0
132.29,19.085,0
132.32,19.261,0
132.36,19.436,0
132.4,19.611,0
132.43,19.787,0
132.47,19.963,0
132.51,20.139,0
132.54,20.314,0
132.58,20.49,0
132.61,20.667,0
132.65,20.843,0
132.68,21.019,0
132.72,21.196,0
132.75,21.372,0
132.79,21.549,0
132.82,21.726,0
132.85,21.903,0
132.88,22.08,0
132.92,22.257,0
132.95,22.434,0
132.98,22.611,0
133.01,22.789,0
133.04,22.966,0
133.08,23.144,0
133.11,23.322,0
133.14,23.5,0
133.17,23.678,0
133.2,23.856,0
133.23,24.034,0
133.26,24.212,0
133.29,24.39,0
133.31,24.569,0
133.34,24.747,0
133.37,24.926,0
133.4,25.105,0
133.43,25.284,0
133.45,25.463,0
133.48,25.642,0
133.51,25.821,0
133.53,26,0
133.56,26.18,0
133.58,26.359,0
133.61,26.539,0
133.64,26.718,0
133.66,26.898,0
133.69,27.078,0
133.71,27.258,0
133.73,27.438,0
133.76,27.618,0
133.78,27.798,0
133.8,27.978,0
133.83,28.159,0
133.85,28.339,0
133.87,28.52,0
133.89,28.7,0
133.91,28.881,0
133.94,29.062,0
133.96,29.243,0
133.98,29.424,0
134,29.605,0
134.02,29.786,0
134.04,29.967,0
134.06,30.149,0
134.08,30.33,0
134.1,30.511,0
134.11,30.693,0
134.13,30.875,0
134.15,31.056,0
134.17,31.238,0
134.19,31.42,0
134.2,31.602,0
134.22,31.784,0
134.24,31.966,0
134.25,32.148,0
134.27,32.331,0
134.28,32.513,0
134.3,32.696,0
134.31,32.878,0
134.33,33.061,0
134.34,33.243,0
134.36,33.426,0
134.37,33.609,0
134.38,33.792,0
134.4,33.975,0
134.41,34.158,0
134.42,34.341,0
134.43,34.524,0
134.45,34.707,0
134.46,34.891,0
134.47,35.074,0
134.48,35.258,0
134.49,35.441,0
134.5,35.625,0
134.51,35.808,0
134.52,35.992,0
134.53,36.176,0
134.54,36.36,0
134.55,36.544,0
134.56,36.728,0
134.57,36.912,0
134.57,37.096,0
134.58,37.28,0
134.59,37.464,0
134.6,37.648,0
134.6,37.833,0
134.61,38.017,0
134.61,38.202,0
134.62,38.386,0
134.63,38.571,0
134.63,38.756,0
134.64,38.94,0
134.64,39.125,0
134.64,39.31,0
134.65,39.495,0
134.65,39.68,0
134.66,39.865,0
134.66,40.05,0
134.66,40.235,0
134.66,40.42,0
134.67,40.605,0
134.67,40.79,0
134.67,40.976,0
134.67,41.161,0
134.67,41.347,0
134.67,41.532,0
134.67,41.717,0
134.67,41.903,0
134.67,42.089,0
134.67,42.274,0
134.67,42.46,0
134.67,42.646,0
134.67,42.832,0
134.67,43.017,0
134.66,43.203,0
134.66,43.389,0
134.66,43.575,0
134.65,43.761,0
134.65,43.947,0
134.65,44.133,0
134.64,44.32,0
134.64,44.506,0
134.63,44.692,0
134.63,44.878,0
134.62,45.065,0
134.62,45.251,0
134.61,45.437,0
134.61,45.624,0
134.6,45.81,0
134.59,45.997,0
134.59,46.183,0
134.58,46.37,0
134.57,46.556,0
134.56,46.743,0
134.55,46.93,0
134.54,47.116,0
134.54,47.303,0
134.53,47.49,0
134.52,47.677,0
134.51,47.864,0
134.5,48.05,0
134.49,48.237,0
134.47,48.424,0
134.46,48.611,0
134.45,48.798,0
134.44,48.985,0
134.43,49.172,0
134.41,49.359,0
134.4,49.546,0
134.39,49.733,0
134.38,49.921,0
134.36,50.108,0
134.35,50.295,0
134.33,50.482,0
134.32,50.669,0
134.3,50.857,0
134.29,51.044,0
134.27,51.231,0
134.26,51.418,0
134.24,51.606,0
134.22,51.793,0
134.21,51.981,0
134.19,52.168,0
134.17,52.355,0
134.15,52.543,0
134.14,52.73,0
134.12,52.918,0
134.1,53.105,0
134.08,53.293,0
134.06,53.48,0
134.04,53.668,0
134.02,53.855,0
134,54.043,0
133.98,54.23,0
133.96,54.418,0
133.94,54.605,0
133.92,54.793,0
133.89,54.981,0
133.87,55.168,0
133.85,55.356,0
133.83,55.543,0
133.8,55.731,0
133.78,55.919,0
133.76,56.106,0
133.73,56.294,0
133.71,56.482,0
133.68,56.669,0
133.66,56.857,0
133.63,57.045,0
133.61,57.232,0
133.58,57.42,0
133.55,57.608,0
133.53,57.795,0
133.5,57.983,0
133.47,58.171,0
133.45,58.358,0
133.42,58.546,0
133.39,58.734,0
133.36,58.922,0
133.33,59.109,0
133.3,59.297,0
133.27,59.485,0
133.24,59.672,0
133.21,59.86,0
133.18,60.048,0
133.15,60.235,0
133.12,60.423,0
133.09,60.61,0
133.06,60.798,0
133.03,60.986,0
132.99,61.173,0
132.96,61.361,0
132.93,61.549,0
132.9,61.736,0
132.86,61.924,0
132.83,62.111,0
132.79,62.299,0
132.76,62.486,0
132.73,62.674,0
132.69,62.861,0
132.65,63.049,0
132.62,63.236,0
132.58,63.424,0
132.55,63.611,0
132.51,63.799,0
132.47,63.986,0
132.44,64.173,0
132.4,64.361,0
132.36,64.548,0
132.32,64.736,0
132.28,64.923,0
132.24,65.11,0
132.21,65.297,0
132.17,65.485,0
132.13,65.672,0
132.09,65.859,0
132.05,66.046,0
132,66.234,0
131.96,66.421,0
131.92,66.608,0
131.88,66.795,0
131.84,66.982,0
131.8,67.169,0
131.75,67.356,0
131.71,67.543,0
131.67,67.73,0
131.62,67.917,0
131.58,68.104,0
131.54,68.291,0
131.49,68.478,0
131.45,68.664,0
131.4,68.851,0
131.36,69.038,0
131.31,69.225,0
131.26,69.411,0
131.22,69.598,0
131.17,69.785,0
131.12,69.971,0
131.08,70.158,0
131.03,70.344,0
130.98,70.531,0
130.93,70.717,0
130.88,70.904,0
130.83,71.09,0
130.79,71.276,0
130.74,71.463,0
130.69,71.649,0
130.64,71.835,0
130.59,72.021,0
130.54,72.207,0
130.48,72.393,0
130.43,72.579,0
130.38,72.765,0
130.33,72.951,0
130.28,73.137,0
130.22,73.323,0
130.17,73.509,0
130.12,73.695,0
130.06,73.881,0
130.01,74.066,0
129.96,74.252,0
129.9,74.437,0
129.85,74.623,0
129.79,74.808,0
129.74,74.994,0
129.68,75.179,0
129.62,75.365,0
129.57,75.55,0
129.51,75.735,0
129.45,75.92,0
129.4,76.105,0
129.34,76.291,0
129.28,76.476,0
129.22,76.661,0
129.16,76.845,0
129.11,77.03,0
129.05,77.215,0
128.99,77.4,0
128.93,77.585,0
128.87,77.769,0
128.81,77.954,0
128.75,78.138,0
128.69,78.323,0
128.62,78.507,0
128.56,78.692,0
128.5,78.876,0
128.44,79.06,0
128.38,79.244,0
128.31,79.428,0
128.25,79.612,0
128.19,79.796,0
128.12,79.98,0
128.06,80.164,0
127.99,80.348,0
127.93,80.532,0
127.86,80.715,0
127.8,80.899,0
127.73,81.082,0
127.67,81.266,0
127.6,81.449,0
127.53,81.632,0
127.47,81.816,0
127.4,81.999,0
127.33,82.182,0
127.27,82.365,0
127.2,82.548,0
127.13,82.731,0
127.06,82.914,0
126.99,83.096,0
126.92,83.279,0
126.85,83.462,0
126.78,83.644,0
126.71,83.826,0
126.64,84.009,0
126.57,84.191,0
126.5,84.373,0
126.43,84.555,0
126.36,84.737,0
126.28,84.919,0
126.21,85.101,0
126.14,85.283,0
126.07,85.465,0
125.99,85.647,0
125.92,85.828,0
125.85,86.01,0
125.77,86.191,0
125.7,86.372,0
125.62,86.554,0
125.55,86.735,0
125.47,86.916,0
125.4,87.097,0
125.32,87.278,0
125.24,87.459,0
125.17,87.639,0
125.09,87.82,0
125.01,88.001,0
124.93,88.181,0
124.86,88.361,0
124.78,88.542,0
124.7,88.722,0
124.62,88.902,0
124.54,89.082,0
124.46,89.262,0
124.38,89.442,0
124.3,89.621,0
124.22,89.801,0
124.14,89.981,0
124.06,90.16,0
123.98,90.34,0
123.9,90.519,0
123.82,90.698,0
123.74,90.877,0
123.65,91.056,0
123.57,91.235,0
123.49,91.414,0
123.4,91.592,0
123.32,91.771,0
123.24,91.95,0
123.15,92.128,0
123.07,92.306,0
122.98,92.485,0
122.9,92.663,0
122.81,92.841,0
122.73,93.019,0
122.64,93.196,0
122.56,93.374,0
122.47,93.552,0
122.38,93.729,0
122.3,93.906,0
122.21,94.084,0
122.12,94.261,0
122.03,94.438,0
121.94,94.615,0
121.85,94.792,0
121.77,94.968,0
121.68,95.145,0
121.59,95.322,0
121.5,95.498,0
121.41,95.674,0
121.32,95.851,0
121.23,96.027,0
121.14,96.203,0
121.04,96.379,0
120.95,96.554,0
120.86,96.73,0
120.77,96.905,0
120.68,97.081,0
120.58,97.256,0
120.49,97.431,0
120.4,97.606,0
120.3,97.781,0
120.21,97.956,0
120.12,98.131,0
120.02,98.305,0
119.93,98.48,0
119.83,98.654,0
119.74,98.829,0
119.64,99.003,0
119.54,99.177,0
119.45,99.351,0
119.35,99.524,0
119.25,99.698,0
119.16,99.872,0
119.06,100.04,0
118.96,100.22,0
118.86,100.39,0
118.77,100.56,0
118.67,100.74,0
118.57,100.91,0
118.47,101.08,0
118.37,101.26,0
118.27,101.43,0
118.17,101.6,0
118.07,101.77,0
117.97,101.94,0
117.87,102.12,0
117.77,102.29,0
117.67,102.46,0
117.56,102.63,0
117.46,102.8,0
117.36,102.97,0
117.26,103.14,0
117.15,103.32,0
117.05,103.49,0
116.95,103.66,0
116.84,103.83,0
116.74,104,0
116.64,104.17,0
116.53,104.34,0
116.43,104.51,0
116.32,104.68,0
116.22,104.85,0
116.11,105.02,0
116,105.19,0
115.9,105.36,0
115.79,105.53,0
115.68,105.7,0
115.58,105.86,0
115.47,106.03,0
115.36,106.2,0
115.25,106.37,0
115.15,106.54,0
115.04,106.71,0
114.93,106.88,0
114.82,107.04,0
114.71,107.21,0
114.6,107.38,0
114.49,107.55,0
114.38,107.71,0
114.27,107.88,0
114.16,108.05,0
114.05,108.21,0
113.94,108.38,0
113.82,108.55,0
113.71,108.71,0
113.6,108.88,0
113.49,109.05,0
113.38,109.21,0
113.26,109.38,0
113.15,109.55,0
113.04,109.71,0
112.92,109.88,0
112.81,110.04,0
112.69,110.21,0
112.58,110.37,0
112.46,110.54,0
112.35,110.7,0
112.23,110.87,0
112.12,111.03,0
112,111.19,0
111.88,111.36,0
111.77,111.52,0
111.65,111.69,0
111.53,111.85,0
111.42,112.01,0
111.3,112.18,0
111.18,112.34,0
111.06,112.5,0
110.94,112.67,0
110.83,112.83,0
110.71,112.99,0
110.59,113.15,0
110.47,113.32,0
110.35,113.48,0
110.23,113.64,0
110.11,113.8,0
109.99,113.96,0
109.87,114.12,0
109.74,114.29,0
109.62,114.45,0
109.5,114.61,0
109.38,114.77,0
109.26,114.93,0
109.13,115.09,0
109.01,115.25,0
108.89,115.41,0
108.77,115.57,0
108.64,115.73,0
108.52,115.89,0
108.39,116.05,0
108.27,116.21,0
108.14,116.37,0
108.02,116.53,0
107.89,116.68,0
107.77,116.84,0
107.64,117,0
107.52,117.16,0
107.39,117.32,0
107.26,117.48,0
107.14,117.63,0
107.01,117.79,0
106.88,117.95,0
106.76,118.11,0
106.63,118.26,0
106.5,118.42,0
106.37,118.58,0
106.24,118.73,0
106.11,118.89,0
105.98,119.04,0
105.86,119.2,0
105.73,119.36,0
105.6,119.51,0
105.47,119.67,0
105.33,119.82,0
105.2,119.98,0
105.07,120.13,0
104.94,120.29,0
104.81,120.44,0
104.68,120.6,0
104.55,120.75,0
104.41,120.9,0
104.28,121.06,0
104.15,121.21,0
104.02,121.37,0
103.88,121.52,0
103.75,121.67,0
103.62,121.83,0
103.48,121.98,0
103.35,122.13,0
103.21,122.28,0
103.08,122.43,0
102.94,122.59,0
102.81,122.74,0
102.67,122.89,0
102.54,123.04,0
102.4,123.19,0
102.26,123.34,0
102.13,123.49,0
101.99,123.65,0
101.85,123.8,0
101.72,123.95,0
101.58,124.1,0
101.44,124.25,0
101.3,124.4,0
101.16,124.55,0
101.03,124.69,0
100.89,124.84,0
100.75,124.99,0
100.61,125.14,0
100.47,125.29,0
100.33,125.44,0
100.19,125.59,0
100.05,125.73,0
99.908,125.88,0
99.768,126.03,0
99.627,126.18,0
99.485,126.32,0
99.344,126.47,0
99.202,126.62,0
99.06,126.77,0
98.918,126.91,0
98.775,127.06,0
98.632,127.2,0
98.489,127.35,0
98.346,127.5,0
98.203,127.64,0
98.059,127.79,0
97.915,127.93,0
97.771,128.08,0
97.626,128.22,0
97.482,128.36,0
97.337,128.51,0
97.192,128.65,0
97.046,128.8,0
96.901,128.94,0
96.755,129.08,0
96.609,129.23,0
96.462,129.37,0
96.316,129.51,0
96.169,129.66,0
96.022,129.8,0
95.875,129.94,0
95.727,130.08,0
95.579,130.22,0
95.431,130.37,0
95.283,130.51,0
95.135,130.65,0
94.986,130.79,0
94.837,130.93,0
94.688,131.07,0
94.538,131.21,0
94.389,131.35,0
94.239,131.49,0
94.089,131.63,0
93.938,131.77,0
93.788,131.91,0
93.637,132.05,0
93.486,132.19,0
93.335,132.33,0
93.183,132.46,0
93.032,132.6,0
92.88,132.74,0
92.728,132.88,0
92.575,133.01,0
92.422,133.15,0
92.27,133.29,0
92.117,133.43,0
91.963,133.56,0
91.81,133.7,0
91.656,133.84,0
91.502,133.97,0
91.348,134.11,0
91.193,134.24,0
91.039,134.38,0
90.884,134.51,0
90.729,134.65,0
90.573,134.78,0
90.418,134.92,0
90.262,135.05,0
90.106,135.19,0
89.95,135.32,0
89.793,135.45,0
89.637,135.59,0
89.48,135.72,0
89.323,135.85,0
89.165,135.99,0
89.008,136.12,0
88.85,136.25,0
88.692,136.38,0
88.534,136.51,0
88.375,136.65,0
88.217,136.78,0
88.058,136.91,0
87.899,137.04,0
87.739,137.17,0
87.58,137.3,0
87.42,137.43,0
87.26,137.56,0
87.1,137.69,0
86.94,137.82,0
86.779,137.95,0
86.618,138.08,0
86.457,138.21,0
86.296,138.34,0
86.134,138.46,0
85.973,138.59,0
85.811,138.72,0
85.649,138.85,0
85.487,138.98,0
85.324,139.1,0
85.161,139.23,0
84.998,139.36,0
84.835,139.48,0
84.672,139.61,0
84.508,139.74,0
84.345,139.86,0
84.181,139.99,0
84.016,140.11,0
83.852,140.24,0
83.687,140.36,0
83.523,140.49,0
83.358,140.61,0
83.192,140.74,0
83.027,140.86,0
82.861,140.98,0
82.695,141.11,0
82.529,141.23,0
82.363,141.35,0
82.197,141.48,0
82.03,141.6,0
81.863,141.72,0
81.696,141.84,0
81.529,141.97,0
81.361,142.09,0
81.194,142.21,0
81.026,142.33,0
80.858,142.45,0
80.69,142.57,0
80.521,142.69,0
80.352,142.81,0
80.184,142.93,0
80.015,143.05,0
79.845,143.17,0
79.676,143.29,0
79.506,143.41,0
79.336,143.53,0
79.166,143.65,0
78.996,143.77,0
78.826,143.88,0
78.655,144,0
78.484,144.12,0
78.313,144.24,0
78.142,144.35,0
77.971,144.47,0
77.799,144.59,0
77.627,144.7,0
77.455,144.82,0
77.283,144.94,0
77.111,145.05,0
76.938,145.17,0
76.765,145.28,0
76.592,145.4,0
76.419,145.51,0
76.246,145.63,0
76.072,145.74,0
75.899,145.85,0
75.725,145.97,0
75.551,146.08,0
75.377,146.19,0
75.202,146.31,0
75.027,146.42,0
74.853,146.53,0
74.678,146.64,0
74.502,146.75,0
74.327,146.87,0
74.152,146.98,0
73.976,147.09,0
73.8,147.2,0
73.624,147.31,0
73.448,147.42,0
73.271,147.53,0
73.094,147.64,0
72.918,147.75,0
72.741,147.86,0
72.563,147.97,0
72.386,148.08,0
72.208,148.19,0
72.031,148.29,0
71.853,148.4,0
71.675,148.51,0
71.496,148.62,0
71.318,148.72,0
71.139,148.83,0
70.961,148.94,0
70.782,149.04,0
70.602,149.15,0
70.423,149.26,0
70.244,149.36,0
70.064,149.47,0
69.884,149.57,0
69.704,149.68,0
69.524,149.78,0
69.343,149.89,0
69.163,149.99,0
68.982,150.1,0
68.801,150.2,0
68.62,150.3,0
68.439,150.41,0
68.258,150.51,0
68.076,150.61,0
67.894,150.71,0
67.712,150.82,0
67.53,150.92,0
67.348,151.02,0
67.166,151.12,0
66.983,151.22,0
66.8,151.32,0
66.617,151.42,0
66.434,151.52,0
66.251,151.62,0
66.068,151.72,0
65.884,151.82,0
65.7,151.92,0
65.517,152.02,0
65.332,152.12,0
65.148,152.22,0
64.964,152.32,0
64.779,152.41,0
64.595,152.51,0
64.41,152.61,0
64.225,152.71,0
64.04,152.8,0
63.854,152.9,0
63.669,153,0
63.483,153.09,0
63.297,153.19,0
63.111,153.28,0
62.925,153.38,0
62.739,153.47,0
62.552,153.57,0
62.366,153.66,0
62.179,153.76,0
61.992,153.85,0
61.805,153.94,0
61.618,154.04,0
61.43,154.13,0
61.243,154.22,0
61.055,154.32,0
60.867,154.41,0
60.679,154.5,0
60.491,154.59,0
60.303,154.68,0
60.114,154.77,0
59.926,154.86,0
59.737,154.96,0
59.548,155.05,0
59.359,155.14,0
59.17,155.23,0
58.981,155.31,0
58.791,155.4,0
58.601,155.49,0
58.412,155.58,0
58.222,155.67,0
58.032,155.76,0
57.841,155.85,0
57.651,155.93,0
57.46,156.02,0
57.27,156.11,0
57.079,156.2,0
56.888,156.28,0
56.697,156.37,0
56.506,156.45,0
56.314,156.54,0
56.123,156.63,0
55.931,156.71,0
55.739,156.8,0
55.547,156.88,0
55.355,156.96,0
55.163,157.05,0
54.971,157.13,0
54.778,157.22,0
54.586,157.3,0
54.393,157.38,0
54.2,157.46,0
54.007,157.55,0
53.814,157.63,0
53.621,157.71,0
53.427,157.79,0
53.234,157.87,0
53.04,157.95,0
52.846,158.03,0
52.652,158.11,0
52.458,158.2,0
52.264,158.27,0
52.069,158.35,0
51.875,158.43,0
51.68,158.51,0
51.485,158.59,0
51.291,158.67,0
51.096,158.75,0
50.9,158.83,0
50.705,158.9,0
50.51,158.98,0
50.314,159.06,0
50.118,159.13,0
49.923,159.21,0
49.727,159.29,0
49.531,159.36,0
49.335,159.44,0
49.138,159.51,0
48.942,159.59,0
48.745,159.66,0
48.549,159.74,0
48.352,159.81,0
48.155,159.89,0
47.958,159.96,0
47.761,160.03,0
47.564,160.11,0
47.366,160.18,0
47.169,160.25,0
46.971,160.32,0
46.773,160.4,0
46.575,160.47,0
46.377,160.54,0
46.179,160.61,0
45.981,160.68,0
45.783,160.75,0
45.584,160.82,0
45.386,160.89,0
45.187,160.96,0
44.988,161.03,0
44.789,161.1,0
44.59,161.17,0
44.391,161.24,0
44.192,161.31,0
43.992,161.37,0
43.793,161.44,0
43.593,161.51,0
43.394,161.57,0
43.194,161.64,0
42.994,161.71,0
42.794,161.77,0
42.594,161.84,0
42.393,161.91,0
42.193,161.97,0
41.993,162.04,0
41.792,162.1,0
41.591,162.17,0
41.391,162.23,0
41.19,162.29,0
40.989,162.36,0
40.788,162.42,0
40.586,162.48,0
40.385,162.55,0
40.184,162.61,0
39.982,162.67,0
39.78,162.73,0
39.579,162.79,0
39.377,162.86,0
39.175,162.92,0
38.973,162.98,0
38.771,163.04,0
38.569,163.1,0
38.366,163.16,0
38.164,163.22,0
37.961,163.28,0
37.759,163.33,0
37.556,163.39,0
37.353,163.45,0
37.15,163.51,0
36.947,163.57,0
36.744,163.62,0
36.541,163.68,0
36.338,163.74,0
36.134,163.8,0
35.931,163.85,0
35.727,163.91,0
35.523,163.96,0
35.32,164.02,0
35.116,164.07,0
34.912,164.13,0
34.708,164.18,0
34.504,164.24,0
34.299,164.29,0
34.095,164.35,0
33.891,164.4,0
33.686,164.45,0
33.482,164.5,0
33.277,164.56,0
33.072,164.61,0
32.867,164.66,0
32.662,164.71,0
32.457,164.76,0
32.252,164.81,0
32.047,164.87,0
31.842,164.92,0
31.637,164.97,0
31.431,165.02,0
31.226,165.07,0
31.02,165.11,0
30.814,165.16,0
30.609,165.21,0
30.403,165.26,0
30.197,165.31,0
29.991,165.36,0
29.785,165.4,0
29.579,165.45,0
29.372,165.5,0
29.166,165.54,0
28.96,165.59,0
28.753,165.64,0
28.547,165.68,0
28.34,165.73,0
28.133,165.77,0
27.926,165.82,0
27.72,165.86,0
27.513,165.91,0
27.306,165.95,0
27.099,165.99,0
26.891,166.04,0
26.684,166.08,0
26.477,166.12,0
26.27,166.16,0
26.062,166.21,0
25.855,166.25,0
25.647,166.29,0
25.439,166.33,0
25.232,166.37,0
25.024,166.41,0
24.816,166.45,0
24.608,166.49,0
24.4,166.53,0
24.192,166.57,0
23.984,166.61,0
23.776,166.65,0
23.568,166.69,0
23.359,166.73,0
23.151,166.76,0
22.943,166.8,0
22.734,166.84,0
22.525,166.88,0
22.317,166.91,0
22.108,166.95,0
21.899,166.98,0
21.691,167.02,0
21.482,167.06,0
21.273,167.09,0
21.064,167.13,0
20.855,167.16,0
20.646,167.19,0
20.436,167.23,0
20.227,167.26,0
20.018,167.3,0
19.809,167.33,0
19.599,167.36,0
19.39,167.39,0
19.18,167.43,0
18.971,167.46,0
18.761,167.49,0
18.551,167.52,0
18.342,167.55,0
18.132,167.58,0
17.922,167.61,0
17.712,167.64,0
17.502,167.67,0
17.292,167.7,0
17.082,167.73,0
16.872,167.76,0
16.662,167.79,0
16.452,167.82,0
16.242,167.84,0
16.031,167.87,0
15.821,167.9,0
15.611,167.93,0
15.4,167.95,0
15.19,167.98,0
14.979,168.01,0
14.769,168.03,0
14.558,168.06,0
14.348,168.08,0
14.137,168.11,0
13.926,168.13,0
13.715,168.16,0
13.505,168.18,0
13.294,168.2,0
13.083,168.23,0
12.872,168.25,0
12.661,168.27,0
12.45,168.3,0
12.239,168.32,0
12.028,168.34,0
11.817,168.36,0
11.605,168.38,0
11.394,168.4,0
11.183,168.42,0
10.972,168.44,0
10.76,168.46,0
10.549,168.48,0
10.338,168.5,0
10.126,168.52,0
9.9148,168.54,0
9.7033,168.56,0
9.4918,168.58,0
9.2803,168.6,0
9.0687,168.61,0
8.8571,168.63,0
8.6454,168.65,0
8.4337,168.66,0
8.222,168.68,0
8.0103,168.7,0
7.7985,168.71,0
7.5867,168.73,0
7.3749,168.74,0
7.163,168.76,0
6.9512,168.77,0
6.7393,168.79,0
6.5273,168.8,0
6.3154,168.82,0
6.1034,168.83,0
5.8914,168.84,0
5.6793,168.85,0
5.4673,168.87,0
5.2552,168.88,0
5.0431,168.89,0
4.831,168.9,0
4.6188,168.91,0
4.4066,168.92,0
4.1944,168.94,0
3.9822,168.95,0
3.77,168.96,0
3.5577,168.97,0
3.3455,168.97,0
3.1332,168.98,0
2.9209,168.99,0
2.7085,169,0
2.4962,169.01,0
2.2838,169.02,0
2.0714,169.03,0
1.8591,169.03,0
1.6466,169.04,0
1.4342,169.05,0
1.2218,169.05,0
1.0093,169.06,0
0.79686,169.06,0
0.58438,169.07,0
0.37189,169.07,0
0.15939,169.08,0
-0.05313,169.08,0
-0.26566,169.09,0
-0.4782,169.09,0
-0.69074,169.1,0
-0.9033,169.1,0
-1.1159,169.1,0
-1.3284,169.11,0
-1.541,169.11,0
-1.7536,169.11,0
-1.9662,169.11,0
-2.1788,169.11,0
-2.3914,169.11,0
-2.6041,169.12,0
-2.8167,169.12,0
-3.0293,169.12,0
-3.2419,169.12,0
-3.4546,169.12,0
-3.6672,169.12,0
-3.8799,169.11,0
-4.0925,169.11,0
-4.3052,169.11,0
-4.5178,169.11,0
-4.7305,169.11,0
-4.9431,169.11,0
-5.1558,169.1,0
-5.3684,169.1,0
-5.5811,169.1,0
-5.7937,169.09,0
-6.0064,169.09,0
-6.219,169.08,0
-6.4317,169.08,0
-6.6443,169.08,0
-6.8569,169.07,0
-7.0696,169.06,0
-7.2822,169.06,0
-7.4948,169.05,0
-7.7075,169.05,0
-7.9201,169.04,0
-8.1327,169.03,0
-8.3453,169.03,0
-8.5579,169.02,0
-8.7705,169.01,0
-8.983,169,0
-9.1956,168.99,0
-9.4082,168.98,0
-9.6207,168.98,0
-9.8333,168.97,0
-10.046,168.96,0
-10.258,168.95,0
-10.471,168.94,0
-10.683,168.93,0
-10.896,168.91,0
-11.108,168.9,0
-11.321,168.89,0
-11.533,168.88,0
-11.746,168.87,0
-11.958,168.86,0
-12.17,168.84,0
-12.383,168.83,0
-12.595,168.82,0
-12.807,168.8,0
-13.02,168.79,0
-13.232,168.77,0
-13.444,168.76,0
-13.657,168.75,0
-13.869,168.73,0
-14.081,168.71,0
-14.293,168.7,0
-14.506,168.68,0
-14.718,168.67,0
-14.93,168.65,0
-15.142,168.63,0
-15.354,168.62,0
-15.566,168.6,0
-15.778,168.58,0
-15.99,168.56,0
-16.202,168.54,0
-16.414,168.52,0
-16.626,168.51,0
-16.838,168.49,0
-17.05,168.47,0
-17.262,168.45,0
-17.474,168.43,0
-17.686,168.41,0
-17.898,168.38,0
-18.109,168.36,0
-18.321,168.34,0
-18.533,168.32,0
-18.745,168.3,0
-18.956,168.28,0
-19.168,168.25,0
-19.38,168.23,0
-19.591,168.21,0
-19.803,168.18,0
-20.014,168.16,0
-20.226,168.14,0
-20.437,168.11,0
-20.648,168.09,0
-20.86,168.06,0
-21.071,168.04,0
-21.283,168.01,0
-21.494,167.98,0
-21.705,167.96,0
-21.916,167.93,0
-22.127,167.9,0
-22.338,167.88,0
-22.55,167.85,0
-22.761,167.82,0
-22.972,167.79,0
-23.183,167.77,0
-23.394,167.74,0
-23.604,167.71,0
-23.815,167.68,0
-24.026,167.65,0
-24.237,167.62,0
-24.448,167.59,0
-24.658,167.56,0
-24.869,167.53,0
-25.079,167.5,0
-25.29,167.47,0
-25.501,167.43,0
-25.711,167.4,0
-25.921,167.37,0
-26.132,167.34,0
-26.342,167.3,0
-26.552,167.27,0
-26.763,167.24,0
-26.973,167.2,0
-27.183,167.17,0
-27.393,167.14,0
-27.603,167.1,0
-27.813,167.07,0
-28.023,167.03,0
-28.233,166.99,0
-28.443,166.96,0
-28.652,166.92,0
-28.862,166.89,0
-29.072,166.85,0
-29.282,166.81,0
-29.491,166.78,0
-29.701,166.74,0
-29.91,166.7,0
-30.12,166.66,0
-30.329,166.62,0
-30.538,166.58,0
-30.747,166.55,0
-30.957,166.51,0
-31.166,166.47,0
-31.375,166.43,0
-31.584,166.39,0
-31.793,166.35,0
-32.002,166.3,0
-32.211,166.26,0
-32.419,166.22,0
-32.628,166.18,0
-32.837,166.14,0
-33.045,166.1,0
-33.254,166.05,0
-33.462,166.01,0
-33.671,165.97,0
-33.879,165.92,0
-34.088,165.88,0
-34.296,165.84,0
-34.504,165.79,0
-34.712,165.75,0
-34.92,165.7,0
-35.128,165.66,0
-35.336,165.61,0
-35.544,165.57,0
-35.752,165.52,0
-35.959,165.47,0
-36.167,165.43,0
-36.375,165.38,0
-36.582,165.33,0
-36.79,165.28,0
-36.997,165.24,0
-37.204,165.19,0
-37.411,165.14,0
-37.619,165.09,0
-37.826,165.04,0
-38.033,164.99,0
-38.24,164.94,0
-38.447,164.89,0
-38.653,164.84,0
-38.86,164.79,0
-39.067,164.74,0
-39.273,164.69,0
-39.48,164.64,0
-39.686,164.59,0
-39.893,164.54,0
-40.099,164.48,0
-40.305,164.43,0
-40.511,164.38,0
-40.717,164.33,0
-40.923,164.27,0
-41.129,164.22,0
-41.335,164.16,0
-41.541,164.11,0
-41.747,164.06,0
-41.952,164,0
-42.158,163.95,0
-42.363,163.89,0
-42.568,163.83,0
-42.774,163.78,0
-42.979,163.72,0
-43.184,163.67,0
-43.389,163.61,0
-43.594,163.55,0
-43.799,163.49,0
-44.004,163.44,0
-44.208,163.38,0
-44.413,163.32,0
-44.617,163.26,0
-44.822,163.2,0
-45.026,163.14,0
-45.231,163.08,0
-45.435,163.02,0
-45.639,162.96,0
-45.843,162.9,0
-46.047,162.84,0
-46.251,162.78,0
-46.454,162.72,0
-46.658,162.66,0
-46.861,162.6,0
-47.065,162.54,0
-47.268,162.47,0
-47.472,162.41,0
-47.675,162.35,0
-47.878,162.29,0
-48.081,162.22,0
-48.284,162.16,0
-48.487,162.09,0
-48.689,162.03,0
-48.892,161.97,0
-49.095,161.9,0
-49.297,161.84,0
-49.499,161.77,0
-49.702,161.7,0
-49.904,161.64,0
-50.106,161.57,0
-50.308,161.51,0
-50.51,161.44,0
-50.711,161.37,0
-50.913,161.3,0
-51.115,161.24,0
-51.316,161.17,0
-51.518,161.1,0
-51.719,161.03,0
-51.92,160.96,0
-52.121,160.89,0
-52.322,160.82,0
-52.523,160.75,0
-52.724,160.69,0
-52.924,160.61,0
-53.125,160.54,0
-53.325,160.47,0
-53.526,160.4,0
-53.726,160.33,0
-53.926,160.26,0
-54.126,160.19,0
-54.326,160.12,0
-54.526,160.04,0
-54.726,159.97,0
-54.925,159.9,0
-55.125,159.82,0
-55.324,159.75,0
-55.524,159.68,0
-55.723,159.6,0
-55.922,159.53,0
-56.121,159.45,0
-56.32,159.38,0
-56.519,159.3,0
-56.717,159.23,0
-56.916,159.15,0
-57.114,159.08,0
-57.313,159,0
-57.511,158.92,0
-57.709,158.85,0
-57.907,158.77,0
-58.105,158.69,0
-58.302,158.61,0
-58.5,158.54,0
-58.698,158.46,0
-58.895,158.38,0
-59.092,158.3,0
-59.29,158.22,0
-59.487,158.14,0
-59.684,158.06,0
-59.88,157.98,0
-60.077,157.9,0
-60.274,157.82,0
-60.47,157.74,0
-60.667,157.66,0
-60.863,157.58,0
-61.059,157.5,0
-61.255,157.42,0
-61.451,157.34,0
-61.647,157.25,0
-61.842,157.17,0
-62.038,157.09,0
-62.233,157,0
-62.428,156.92,0
-62.624,156.84,0
-62.819,156.75,0
-63.014,156.67,0
-63.208,156.58,0
-63.403,156.5,0
-63.598,156.42,0
-63.792,156.33,0
-63.986,156.24,0
-64.18,156.16,0
-64.375,156.07,0
-64.568,155.99,0
-64.762,155.9,0
-64.956,155.81,0
-65.149,155.73,0
-65.343,155.64,0
-65.536,155.55,0
-65.729,155.46,0
-65.922,155.37,0
-66.115,155.29,0
-66.308,155.2,0
-66.501,155.11,0
-66.693,155.02,0
-66.886,154.93,0
-67.078,154.84,0
-67.27,154.75,0
-67.462,154.66,0
-67.654,154.57,0
-67.845,154.48,0
-68.037,154.39,0
-68.228,154.29,0
-68.42,154.2,0
-68.611,154.11,0
-68.802,154.02,0
-68.993,153.93,0
-69.184,153.83,0
-69.374,153.74,0
-69.565,153.65,0
-69.755,153.55,0
-69.945,153.46,0
-70.136,153.37,0
-70.325,153.27,0
-70.515,153.18,0
-70.705,153.08,0
-70.895,152.99,0
-71.084,152.89,0
-71.273,152.8,0
-71.462,152.7,0
-71.651,152.61,0
-71.84,152.51,0
-72.029,152.41,0
-72.217,152.32,0
-72.406,152.22,0
-72.594,152.12,0
-72.782,152.02,0
-72.97,151.93,0
-73.158,151.83,0
-73.346,151.73,0
-73.533,151.63,0
-73.721,151.53,0
-73.908,151.43,0
-74.095,151.33,0
-74.282,151.23,0
-74.469,151.13,0
-74.656,151.03,0
-74.842,150.93,0
-75.029,150.83,0
-75.215,150.73,0
-75.401,150.63,0
-75.587,150.53,0
-75.773,150.43,0
-75.958,150.32,0
-76.144,150.22,0
-76.329,150.12,0
-76.514,150.02,0
-76.699,149.91,0
-76.884,149.81,0
-77.069,149.71,0
-77.254,149.6,0
-77.438,149.5,0
-77.622,149.39,0
-77.807,149.29,0
-77.991,149.19,0
-78.174,149.08,0
-78.358,148.97,0
-78.542,148.87,0
-78.725,148.76,0
-78.908,148.66,0
-79.091,148.55,0
-79.274,148.44,0
-79.457,148.34,0
-79.64,148.23,0
-79.822,148.12,0
-80.004,148.02,0
-80.186,147.91,0
-80.368,147.8,0
-80.55,147.69,0
-80.732,147.58,0
-80.913,147.47,0
-81.095,147.37,0
-81.276,147.26,0
-81.457,147.15,0
-81.638,147.04,0
-81.818,146.93,0
-81.999,146.82,0
-82.179,146.71,0
-82.36,146.6,0
-82.54,146.48,0
-82.72,146.37,0
-82.899,146.26,0
-83.079,146.15,0
-83.258,146.04,0
-83.437,145.93,0
-83.617,145.81,0
-83.795,145.7,0
-83.974,145.59,0
-84.153,145.48,0
-84.331,145.36,0
-84.509,145.25,0
-84.688,145.13,0
-84.865,145.02,0
-85.043,144.91,0
-85.221,144.79,0
-85.398,144.68,0
-85.575,144.56,0
-85.753,144.45,0
-85.929,144.33,0
-86.106,144.21,0
-86.283,144.1,0
-86.459,143.98,0
-86.635,143.87,0
-86.811,143.75,0
-86.987,143.63,0
-87.163,143.51,0
-87.339,143.4,0
-87.514,143.28,0
-87.689,143.16,0
-87.864,143.04,0
-88.039,142.92,0
-88.214,142.81,0
-88.388,142.69,0
-88.563,142.57,0
-88.737,142.45,0
-88.911,142.33,0
-89.085,142.21,0
-89.258,142.09,0
-89.432,141.97,0
-89.605,141.85,0
-89.778,141.73,0
-89.951,141.61,0
-90.124,141.49,0
-90.297,141.36,0
-90.469,141.24,0
-90.641,141.12,0
-90.813,141,0
-90.985,140.88,0
-91.157,140.75,0
-91.328,140.63,0
-91.5,140.51,0
-91.671,140.38,0
-91.842,140.26,0
-92.013,140.14,0
-92.183,140.01,0
-92.354,139.89,0
-92.524,139.76,0
-92.694,139.64,0
-92.864,139.51,0
-93.034,139.39,0
-93.203,139.26,0
-93.373,139.14,0
-93.542,139.01,0
-93.711,138.89,0
-93.88,138.76,0
-94.048,138.63,0
-94.217,138.51,0
-94.385,138.38,0
-94.553,138.25,0
-94.721,138.13,0
-94.889,138,0
-95.056,137.87,0
-95.224,137.74,0
-95.391,137.61,0
-95.558,137.48,0
-95.724,137.36,0
-95.891,137.23,0
-96.057,137.1,0
-96.224,136.97,0
-96.39,136.84,0
-96.556,136.71,0
-96.721,136.58,0
-96.887,136.45,0
-97.052,136.32,0
-97.217,136.19,0
-97.382,136.06,0
-97.547,135.92,0
-97.711,135.79,0
-97.875,135.66,0
-98.039,135.53,0
-98.203,135.4,0
-98.367,135.27,0
-98.531,135.13,0
-98.694,135,0
-98.857,134.87,0
-99.02,134.73,0
-99.183,134.6,0
-99.346,134.47,0
-99.508,134.33,0
-99.67,134.2,0
-99.832,134.07,0
-99.994,133.93,0
-100.16,133.8,0
-100.32,133.66,0
-100.48,133.53,0
-100.64,133.39,0
-100.8,133.26,0
-100.96,133.12,0
-101.12,132.98,0
-101.28,132.85,0
-101.44,132.71,0
-101.6,132.57,0
-101.76,132.44,0
-101.92,132.3,0
-102.08,132.16,0
-102.24,132.03,0
-102.4,131.89,0
-102.56,131.75,0
-102.71,131.61,0
-102.87,131.47,0
-103.03,131.34,0
-103.19,131.2,0
-103.35,131.06,0
-103.5,130.92,0
-103.66,130.78,0
-103.82,130.64,0
-103.97,130.5,0
-104.13,130.36,0
-104.29,130.22,0
-104.44,130.08,0
-104.6,129.94,0
-104.76,129.8,0
-104.91,129.66,0
-105.07,129.52,0
-105.22,129.38,0
-105.38,129.23,0
-105.53,129.09,0
-105.69,128.95,0
-105.84,128.81,0
-106,128.67,0
-106.15,128.52,0
-106.3,128.38,0
-106.46,128.24,0
-106.61,128.09,0
-106.76,127.95,0
-106.92,127.81,0
-107.07,127.66,0
-107.22,127.52,0
-107.37,127.37,0
-107.53,127.23,0
-107.68,127.09,0
-107.83,126.94,0
-107.98,126.8,0
-108.13,126.65,0
-108.28,126.51,0
-108.43,126.36,0
-108.58,126.21,0
-108.73,126.07,0
-108.89,125.92,0
-109.04,125.78,0
-109.18,125.63,0
-109.33,125.48,0
-109.48,125.33,0
-109.63,125.19,0
-109.78,125.04,0
-109.93,124.89,0
-110.08,124.74,0
-110.23,124.6,0
-110.38,124.45,0
-110.52,124.3,0
-110.67,124.15,0
-110.82,124,0
-110.97,123.85,0
-111.11,123.71,0
-111.26,123.56,0
-111.41,123.41,0
-111.55,123.26,0
-111.7,123.11,0
-111.84,122.96,0
-111.99,122.81,0
-112.14,122.66,0
-112.28,122.51,0
-112.43,122.35,0
-112.57,122.2,0
-112.72,122.05,0
-112.86,121.9,0
-113,121.75,0
-113.15,121.6,0
-113.29,121.45,0
-113.44,121.29,0
-113.58,121.14,0
-113.72,120.99,0
-113.86,120.84,0
-114.01,120.68,0
-114.15,120.53,0
-114.29,120.38,0
-114.43,120.22,0
-114.58,120.07,0
-114.72,119.92,0
-114.86,119.76,0
-115,119.61,0
-115.14,119.45,0
-115.28,119.3,0
-115.42,119.14,0
-115.56,118.99,0
-115.7,118.83,0
-115.84,118.68,0
-115.98,118.52,0
-116.12,118.37,0
-116.26,118.21,0
-116.4,118.06,0
-116.54,117.9,0
-116.68,117.74,0
-116.81,117.59,0
-116.95,117.43,0
-117.09,117.27,0
-117.23,117.12,0
-117.36,116.96,0
-117.5,116.8,0
-117.64,116.64,0
-117.78,116.49,0
-117.91,116.33,0
-118.05,116.17,0
-118.18,116.01,0
-118.32,115.85,0
-118.45,115.7,0
-118.59,115.54,0
-118.73,115.38,0
-118.86,115.22,0
-118.99,115.06,0
-119.13,114.9,0
-119.26,114.74,0
-119.4,114.58,0
-119.53,114.42,0
-119.66,114.26,0
-119.8,114.1,0
-119.93,113.94,0
-120.06,113.78,0
-120.2,113.62,0
-120.33,113.46,0
-120.46,113.3,0
-120.59,113.13,0
-120.72,112.97,0
-120.85,112.81,0
-120.99,112.65,0
-121.12,112.49,0
-121.25,112.33,0
-121.38,112.16,0
-121.51,112,0
-121.64,111.84,0
-121.77,111.68,0
-121.9,111.51,0
-122.03,111.35,0
-122.16,111.19,0
-122.28,111.02,0
-122.41,110.86,0
-122.54,110.69,0
-122.67,110.53,0
-122.8,110.37,0
-122.92,110.2,0
-123.05,110.04,0
-123.18,109.87,0
-123.31,109.71,0
-123.43,109.54,0
-123.56,109.38,0
-123.69,109.21,0
-123.81,109.05,0
-123.94,108.88,0
-124.06,108.72,0
-124.19,108.55,0
-124.31,108.38,0
-124.44,108.22,0
-124.56,108.05,0
-124.69,107.89,0
-124.81,107.72,0
-124.93,107.55,0
-125.06,107.38,0
-125.18,107.22,0
-125.3,107.05,0
-125.43,106.88,0
-125.55,106.72,0
-125.67,106.55,0
-125.79,106.38,0
-125.92,106.21,0
-126.04,106.04,0
-126.16,105.88,0
-126.28,105.71,0
-126.4,105.54,0
-126.52,105.37,0
-126.64,105.2,0
-126.76,105.03,0
-126.88,104.86,0
-127,104.69,0
-127.12,104.52,0
-127.24,104.35,0
-127.36,104.18,0
-127.48,104.01,0
-127.6,103.84,0
-127.72,103.67,0
-127.83,103.5,0
-127.95,103.33,0
-128.07,103.16,0
-128.19,102.99,0
-128.3,102.82,0
-128.42,102.65,0
-128.54,102.48,0
-128.65,102.3,0
-128.77,102.13,0
-128.88,101.96,0
-129,101.79,0
-129.12,101.62,0
-129.23,101.45,0
-129.35,101.27,0
-129.46,101.1,0
-129.57,100.93,0
-129.69,100.75,0
-129.8,100.58,0
-129.92,100.41,0
-130.03,100.24,0
-130.14,100.06,0
-130.26,99.889,0
-130.37,99.715,0
-130.48,99.542,0
-130.59,99.368,0
-130.7,99.194,0
-130.82,99.02,0
-130.93,98.845,0
-131.04,98.671,0
-131.15,98.496,0
-131.26,98.322,0
-131.37,98.147,0
-131.48,97.972,0
-131.59,97.797,0
-131.7,97.622,0
-131.81,97.446,0
-131.92,97.271,0
-132.03,97.095,0
-132.14,96.919,0
-132.24,96.743,0
-132.35,96.567,0
-132.46,96.391,0
-132.57,96.215,0
-132.68,96.039,0
-132.78,95.862,0
-132.89,95.685,0
-133,95.509,0
-133.1,95.332,0
-133.21,95.155,0
-133.32,94.977,0
-133.42,94.8,0
-133.53,94.623,0
-133.63,94.445,0
-133.74,94.267,0
-133.84,94.089,0
-133.95,93.911,0
-134.05,93.733,0
-134.15,93.555,0
-134.26,93.377,0
-134.36,93.198,0
-134.46,93.02,0
-134.57,92.841,0
-134.67,92.662,0
-134.77,92.483,0
-134.87,92.304,0
-134.98,92.125,0
-135.08,91.946,0
-135.18,91.766,0
-135.28,91.587,0
-135.38,91.407,0
-135.48,91.227,0
-135.58,91.047,0
-135.68,90.867,0
-135.78,90.687,0
-135.88,90.507,0
-135.98,90.327,0
-136.08,90.146,0
-136.18,89.965,0
-136.28,89.785,0
-136.37,89.604,0
-136.47,89.423,0
-136.57,89.242,0
-136.67,89.06,0
-136.76,88.879,0
-136.86,88.698,0
-136.96,88.516,0
-137.05,88.334,0
-137.15,88.153,0
-137.25,87.971,0
-137.34,87.789,0
-137.44,87.607,0
-137.53,87.424,0
-137.63,87.242,0
-137.72,87.06,0
-137.82,86.877,0
-137.91,86.694,0
-138.01,86.512,0
-138.1,86.329,0
-138.19,86.146,0
-138.29,85.963,0
-138.38,85.779,0
-138.47,85.596,0
-138.56,85.413,0
-138.66,85.229,0
-138.75,85.045,0
-138.84,84.862,0
-138.93,84.678,0
-139.02,84.494,0
-139.11,84.31,0
-139.2,84.125,0
-139.29,83.941,0
-139.38,83.757,0
-139.47,83.572,0
-139.56,83.388,0
-139.65,83.203,0
-139.74,83.018,0
-139.83,82.833,0
-139.92,82.648,0
-140.01,82.463,0
-140.09,82.278,0
-140.18,82.093,0
-140.27,81.907,0
-140.36,81.722,0
-140.44,81.536,0
-140.53,81.35,0
-140.62,81.165,0
-140.7,80.979,0
-140.79,80.793,0
-140.87,80.607,0
-140.96,80.42,0
-141.04,80.234,0
-141.13,80.048,0
-141.21,79.861,0
-141.3,79.675,0
-141.38,79.488,0
-141.46,79.301,0
-141.55,79.114,0
-141.63,78.927,0
-141.71,78.74,0
-141.8,78.553,0
-141.88,78.366,0
-141.96,78.178,0
-142.04,77.991,0
-142.12,77.803,0
-142.21,77.616,0
-142.29,77.428,0
-142.37,77.24,0
-142.45,77.052,0
-142.53,76.865,0
-142.61,76.676,0
-142.69,76.488,0
-142.77,76.3,0
-142.85,76.112,0
-142.93,75.923,0
-143,75.735,0
-143.08,75.546,0
-143.16,75.358,0
-143.24,75.169,0
-143.32,74.98,0
-143.39,74.791,0
-143.47,74.602,0
-143.55,74.413,0
-143.62,74.224,0
-143.7,74.034,0
-143.78,73.845,0
-143.85,73.656,0
-143.93,73.466,0
-144,73.277,0
-144.08,73.087,0
-144.15,72.897,0
-144.23,72.707,0
-144.3,72.517,0
-144.38,72.327,0
-144.45,72.137,0
-144.52,71.947,0
-144.6,71.757,0
-144.67,71.566,0
-144.74,71.376,0
-144.81,71.186,0
-144.89,70.995,0
-144.96,70.804,0
-145.03,70.614,0
-145.1,70.423,0
-145.17,70.232,0
-145.24,70.041,0
-145.31,69.85,0
-145.38,69.659,0
-145.45,69.468,0
-145.52,69.277,0
-145.59,69.085,0
-145.66,68.894,0
-145.73,68.702,0
-145.8,68.511,0
-145.87,68.319,0
-145.93,68.128,0
-146,67.936,0
-146.07,67.744,0
-146.14,67.552,0
-146.2,67.36,0
-146.27,67.168,0
-146.34,66.976,0
-146.4,66.784,0
-146.47,66.592,0
-146.53,66.399,0
-146.6,66.207,0
-146.66,66.015,0
-146.73,65.822,0
-146.79,65.63,0
-146.86,65.437,0
-146.92,65.244,0
-146.99,65.052,0
-147.05,64.859,0
-147.11,64.666,0
-147.18,64.473,0
-147.24,64.28,0
-147.3,64.087,0
-147.36,63.894,0
-147.42,63.7,0
-147.49,63.507,0
-147.55,63.314,0
-147.61,63.121,0
-147.67,62.927,0
-147.73,62.734,0
-147.79,62.54,0
-147.85,62.346,0
-147.91,62.153,0
-147.97,61.959,0
-148.03,61.765,0
-148.09,61.571,0
-148.15,61.377,0
-148.2,61.183,0
-148.26,60.989,0
-148.32,60.795,0
-148.38,60.601,0
-148.43,60.407,0
-148.49,60.213,0
-148.55,60.018,0
-148.6,59.824,0
-148.66,59.63,0
-148.72,59.435,0
-148.77,59.241,0
-148.83,59.046,0
-148.88,58.851,0
-148.94,58.657,0
-148.99,58.462,0
-149.05,58.267,0
-149.1,58.072,0
-149.15,57.878,0
-149.21,57.683,0
-149.26,57.488,0
-149.31,57.293,0
-149.37,57.097,0
-149.42,56.902,0
-149.47,56.707,0
-149.52,56.512,0
-149.57,56.317,0
-149.62,56.121,0
-149.68,55.926,0
-149.73,55.731,0
-149.78,55.535,0
-149.83,55.34,0
-149.88,55.144,0
-149.93,54.949,0
-149.98,54.753,0
-150.03,54.557,0
-150.07,54.362,0
-150.12,54.166,0
-150.17,53.97,0
-150.22,53.774,0
-150.27,53.578,0
-150.31,53.382,0
-150.36,53.186,0
-150.41,52.99,0
-150.45,52.794,0
-150.5,52.598,0
-150.55,52.402,0
-150.59,52.206,0
-150.64,52.01,0
-150.68,51.813,0
-150.73,51.617,0
-150.77,51.421,0
-150.82,51.225,0
-150.86,51.028,0
-150.91,50.832,0
-150.95,50.635,0
-150.99,50.439,0
-151.04,50.242,0
-151.08,50.046,0
-151.12,49.849,0
-151.16,49.652,0
-151.21,49.456,0
-151.25,49.259,0
-151.29,49.062,0
-151.33,48.866,0
-151.37,48.669,0
-151.41,48.472,0
-151.45,48.275,0
-151.49,48.078,0
-151.53,47.881,0
-151.57,47.684,0
-151.61,47.487,0
-151.65,47.29,0
-151.69,47.093,0
-151.73,46.896,0
-151.77,46.699,0
-151.8,46.502,0
-151.84,46.305,0
-151.88,46.108,0
-151.92,45.911,0
-151.95,45.713,0
-151.99,45.516,0
-152.03,45.319,0
-152.06,45.122,0
-152.1,44.924,0
-152.13,44.727,0
-152.17,44.53,0
-152.2,44.332,0
-152.24,44.135,0
-152.27,43.937,0
-152.31,43.74,0
-152.34,43.543,0
-152.37,43.345,0
-152.41,43.148,0
-152.44,42.95,0
-152.47,42.752,0
-152.51,42.555,0
-152.54,42.357,0
-152.57,42.16,0
-152.6,41.962,0
-152.63,41.764,0
-152.66,41.567,0
-152.69,41.369,0
-152.73,41.171,0
-152.76,40.974,0
-152.79,40.776,0
-152.82,40.578,0
-152.85,40.38,0
-152.87,40.183,0
-152.9,39.985,0
-152.93,39.787,0
-152.96,39.589,0
-152.99,39.391,0
-153.02,39.194,0
-153.04,38.996,0
-153.07,38.798,0
-153.1,38.6,0
-153.13,38.402,0
-153.15,38.204,0
-153.18,38.006,0
-153.2,37.809,0
-153.23,37.611,0
-153.26,37.413,0
-153.28,37.215,0
-153.31,37.017,0
-153.33,36.819,0
-153.35,36.621,0
-153.38,36.423,0
-153.4,36.225,0
-153.43,36.027,0
-153.45,35.829,0
-153.47,35.631,0
-153.49,35.433,0
-153.52,35.235,0
-153.54,35.037,0
-153.56,34.839,0
-153.58,34.641,0
-153.6,34.443,0
-153.62,34.245,0
-153.65,34.047,0
-153.67,33.849,0
-153.69,33.651,0
-153.71,33.453,0
-153.73,33.255,0
-153.75,33.057,0
-153.76,32.859,0
-153.78,32.661,0
-153.8,32.463,0
-153.82,32.265,0
-153.84,32.067,0
-153.86,31.869,0
-153.87,31.671,0
-153.89,31.473,0
-153.91,31.275,0
-153.93,31.077,0
-153.94,30.879,0
-153.96,30.681,0
-153.97,30.483,0
-153.99,30.285,0
-154,30.087,0
-154.02,29.889,0
-154.03,29.691,0
-154.05,29.493,0
-154.06,29.295,0
-154.08,29.097,0
-154.09,28.899,0
-154.1,28.701,0
-154.12,28.503,0
-154.13,28.305,0
-154.14,28.107,0
-154.16,27.909,0
-154.17,27.712,0
-154.18,27.514,0
-154.19,27.316,0
-154.2,27.118,0
-154.21,26.92,0
-154.22,26.722,0
-154.24,26.525,0
-154.25,26.327,0
-154.26,26.129,0
-154.27,25.931,0
-154.27,25.733,0
-154.28,25.536,0
-154.29,25.338,0
-154.3,25.14,0
-154.31,24.943,0
-154.32,24.745,0
-154.33,24.547,0
-154.33,24.35,0
-154.34,24.152,0
-154.35,23.954,0
-154.35,23.757,0
-154.36,23.559,0
-154.37,23.362,0
-154.37,23.164,0
-154.38,22.967,0
-154.38,22.769,0
-154.39,22.572,0
-154.39,22.374,0
-154.4,22.177,0
-154.4,21.979,0
-154.41,21.782,0
-154.41,21.584,0
-154.41,21.387,0
-154.42,21.19,0
-154.42,20.993,0
-154.42,20.795,0
-154.43,20.598,0
-154.43,20.401,0
-154.43,20.204,0
-154.43,20.006,0
-154.43,19.809,0
-154.43,19.612,0
-154.43,19.415,0
-154.44,19.218,0
-154.44,19.021,0
-154.44,18.824,0
-154.44,18.627,0
-154.44,18.43,0
-154.43,18.233,0
-154.43,18.036,0
-154.43,17.839,0
-154.43,17.642,0
-154.43,17.446,0
-154.43,17.249,0
-154.42,17.052,0
-154.42,16.855,0
-154.42,16.659,0
-154.42,16.462,0
-154.41,16.265,0
-154.41,16.069,0
-154.4,15.872,0
-154.4,15.676,0
-154.4,15.479,0
-154.39,15.283,0
-154.39,15.086,0
-154.38,14.89,0
-154.38,14.694,0
-154.37,14.497,0
-154.36,14.301,0
-154.36,14.105,0
-154.35,13.909,0
-154.34,13.712,0
-154.34,13.516,0
-154.33,13.32,0
-154.32,13.124,0
-154.31,12.928,0
-154.31,12.732,0
-154.3,12.536,0
-154.29,12.34,0
-154.28,12.144,0
-154.27,11.949,0
-154.26,11.753,0
-154.25,11.557,0
-154.24,11.361,0
-154.23,11.166,0
-154.22,10.97,0
-154.21,10.775,0
-154.2,10.579,0
-154.19,10.384,0
-154.17,10.188,0
-154.16,9.9929,0
-154.15,9.7975,0
-154.14,9.6022,0
-154.13,9.407,0
-154.11,9.2118,0
-154.1,9.0167,0
-154.09,8.8215,0
-154.07,8.6265,0
-154.06,8.4315,0
-154.04,8.2365,0
-154.03,8.0416,0
-154.01,7.8467,0
-154,7.6519,0
-153.98,7.4572,0
-153.97,7.2624,0
-153.95,7.0678,0
-153.94,6.8732,0
-153.92,6.6786,0
-153.9,6.4841,0
-153.89,6.2896,0
-153.87,6.0952,0
-153.85,5.9008,0
-153.83,5.7065,0
-153.82,5.5123,0
-153.8,5.3181,0
-153.78,5.1239,0
-153.76,4.9299,0
-153.74,4.7358,0
-153.72,4.5418,0
-153.7,4.3479,0
-153.68,4.154,0
-153.66,3.9602,0
-153.64,3.7665,0
-153.62,3.5728,0
-153.6,3.3791,0
-153.58,3.1855,0
-153.56,2.992,0
-153.54,2.7985,0
-153.52,2.6051,0
-153.5,2.4118,0
-153.47,2.2185,0
-153.45,2.0253,0
-153.43,1.8321,0
-153.4,1.639,0
-153.38,1.4459,0
-153.36,1.2529,0
-153.33,1.06,0
-153.31,0.86713,0
-153.28,0.67432,0
-153.26,0.48158,0
-153.24,0.2889,0
-153.21,0.096284,0
-153.18,-0.096268,0
-153.16,-0.28876,0
-153.13,-0.48118,0
-153.11,-0.67354,0
-153.08,-0.86583,0
-153.05,-1.0581,0
-153.03,-1.2502,0
-153,-1.4423,0
-152.97,-1.6343,0
-152.94,-1.8263,0
-152.92,-2.0182,0
-152.89,-2.21,0
-152.86,-2.4018,0
-152.83,-2.5935,0
-152.8,-2.7851,0
-152.77,-2.9767,0
-152.74,-3.1681,0
-152.71,-3.3596,0
-152.68,-3.5509,0
-152.65,-3.7422,0
-152.62,-3.9334,0
-152.59,-4.1245,0
-152.56,-4.3156,0
-152.53,-4.5066,0
-152.5,-4.6975,0
-152.47,-4.8883,0
-152.43,-5.0791,0
-152.4,-5.2698,0
-152.37,-5.4604,0
-152.34,-5.651,0
-152.3,-5.8414,0
-152.27,-6.0318,0
-152.24,-6.2222,0
-152.2,-6.4124,0
-152.17,-6.6026,0
-152.13,-6.7927,0
-152.1,-6.9827,0
-152.07,-7.1726,0
-152.03,-7.3625,0
-151.99,-7.5523,0
-151.96,-7.742,0
-151.92,-7.9316,0
-151.89,-8.1212,0
-151.85,-8.3107,0
-151.81,-8.5001,0
-151.78,-8.6894,0
-151.74,-8.8786,0
-151.7,-9.0678,0
-151.67,-9.2569,0
-151.63,-9.4458,0
-151.59,-9.6348,0
-151.55,-9.8236,0
-151.51,-10.012,0
-151.47,-10.201,0
-151.43,-10.39,0
-151.4,-10.578,0
-151.36,-10.767,0
-151.32,-10.955,0
-151.28,-11.143,0
-151.24,-11.331,0
-151.19,-11.519,0
-151.15,-11.707,0
-151.11,-11.895,0
-151.07,-12.083,0
-151.03,-12.271,0
-150.99,-12.458,0
-150.95,-12.646,0
-150.9,-12.833,0
-150.86,-13.021,0
-150.82,-13.208,0
-150.78,-13.395,0
-150.73,-13.583,0
-150.69,-13.77,0
-150.64,-13.956,0
-150.6,-14.143,0
-150.56,-14.33,0
-150.51,-14.517,0
-150.47,-14.703,0
-150.42,-14.89,0
-150.38,-15.076,0
-150.33,-15.263,0
-150.29,-15.449,0
-150.24,-15.635,0
-150.19,-15.821,0
-150.15,-16.007,0
-150.1,-16.193,0
-150.05,-16.378,0
-150.01,-16.564,0
-149.96,-16.75,0
-149.91,-16.935,0
-149.86,-17.121,0
-149.81,-17.306,0
-149.77,-17.491,0
-149.72,-17.676,0
-149.67,-17.861,0
-149.62,-18.046,0
-149.57,-18.231,0
-149.52,-18.415,0
-149.47,-18.6,0
-149.42,-18.785,0
-149.37,-18.969,0
-149.32,-19.153,0
-149.27,-19.337,0
-149.22,-19.522,0
-149.17,-19.706,0
-149.11,-19.89,0
-149.06,-20.073,0
-149.01,-20.257,0
-148.96,-20.441,0
-148.91,-20.624,0
-148.85,-20.808,0
-148.8,-20.991,0
-148.75,-21.174,0
-148.69,-21.357,0
-148.64,-21.54,0
-148.59,-21.723,0
-148.53,-21.906,0
-148.48,-22.088,0
-148.42,-22.271,0
-148.37,-22.454,0
-148.31,-22.636,0
-148.26,-22.818,0
-148.2,-23,0
-148.14,-23.182,0
-148.09,-23.364,0
-148.03,-23.546,0
-147.98,-23.728,0
-147.92,-23.91,0
-147.86,-24.091,0
-147.8,-24.272,0
-147.75,-24.454,0
-147.69,-24.635,0
-147.63,-24.816,0
-147.57,-24.997,0
-147.51,-25.178,0
-147.46,-25.359,0
-147.4,-25.539,0
-147.34,-25.72,0
-147.28,-25.9,0
-147.22,-26.08,0
-147.16,-26.261,0
-147.1,-26.441,0
-147.04,-26.621,0
-146.98,-26.801,0
-146.92,-26.98,0
-146.86,-27.16,0
-146.79,-27.34,0
-146.73,-27.519,0
-146.67,-27.698,0
-146.61,-27.877,0
-146.55,-28.056,0
-146.48,-28.235,0
-146.42,-28.414,0
-146.36,-28.593,0
-146.3,-28.772,0
-146.23,-28.95,0
-146.17,-29.128,0
-146.1,-29.307,0
-146.04,-29.485,0
-145.98,-29.663,0
-145.91,-29.841,0
-145.85,-30.019,0
-145.78,-30.196,0
-145.72,-30.374,0
-145.65,-30.551,0
-145.59,-30.728,0
-145.52,-30.906,0
-145.45,-31.083,0
-145.39,-31.26,0
-145.32,-31.437,0
-145.25,-31.613,0
-145.19,-31.79,0
-145.12,-31.966,0
-145.05,-32.143,0
-144.98,-32.319,0
-144.92,-32.495,0
-144.85,-32.671,0
-144.78,-32.847,0
-144.71,-33.023,0
-144.64,-33.198,0
-144.57,-33.374,0
-144.5,-33.549,0
-144.43,-33.724,0
-144.36,-33.899,0
-144.29,-34.074,0
-144.22,-34.249,0
-144.15,-34.424,0
-144.08,-34.598,0
-144.01,-34.773,0
-143.94,-34.947,0
-143.87,-35.122,0
-143.8,-35.296,0
-143.73,-35.47,0
-143.65,-35.643,0
-143.58,-35.817,0
-143.51,-35.991,0
-143.44,-36.164,0
-143.36,-36.338,0
-143.29,-36.511,0
-143.22,-36.684,0
-143.14,-36.857,0
-143.07,-37.03,0
-143,-37.202,0
-142.92,-37.375,0
-142.85,-37.547,0
-142.77,-37.719,0
-142.7,-37.892,0
-142.62,-38.064,0
-142.55,-38.236,0
-142.47,-38.407,0
-142.4,-38.579,0
-142.32,-38.75,0
-142.24,-38.922,0
-142.17,-39.093,0
-142.09,-39.264,0
-142.01,-39.435,0
-141.94,-39.606,0
-141.86,-39.777,0
-141.78,-39.947,0
-141.7,-40.117,0
-141.63,-40.288,0
-141.55,-40.458,0
-141.47,-40.628,0
-141.39,-40.798,0
-141.31,-40.968,0
-141.23,-41.137,0
-141.15,-41.307,0
-141.07,-41.476,0
-141,-41.645,0
-140.92,-41.814,0
-140.84,-41.983,0
-140.75,-42.152,0
-140.67,-42.32,0
-140.59,-42.489,0
-140.51,-42.657,0
-140.43,-42.825,0
-140.35,-42.993,0
-140.27,-43.161,0
-140.19,-43.329,0
-140.1,-43.497,0
-140.02,-43.664,0
-139.94,-43.832,0
-139.86,-43.999,0
-139.77,-44.166,0
-139.69,-44.333,0
-139.61,-44.5,0
-139.52,-44.666,0
-139.44,-44.833,0
-139.36,-44.999,0
-139.27,-45.165,0
-139.19,-45.331,0
-139.1,-45.497,0
-139.02,-45.663,0
-138.93,-45.829,0
-138.85,-45.994,0
-138.76,-46.16,0
-138.68,-46.325,0
-138.59,-46.49,0
-138.51,-46.655,0
-138.42,-46.82,0
-138.33,-46.984,0
-138.25,-47.149,0
-138.16,-47.313,0
-138.07,-47.477,0
-137.99,-47.641,0
-137.9,-47.805,0
-137.81,-47.969,0
-137.72,-48.132,0
-137.63,-48.296,0
-137.55,-48.459,0
-137.46,-48.622,0
-137.37,-48.785,0
-137.28,-48.948,0
-137.19,-49.111,0
-137.1,-49.273,0
-137.01,-49.435,0
-136.92,-49.598,0
-136.83,-49.76,0
-136.74,-49.922,0
-136.65,-50.083,0
-136.56,-50.245,0
-136.47,-50.406,0
-136.38,-50.568,0
-136.29,-50.729,0
-136.2,-50.89,0
-136.11,-51.051,0
-136.01,-51.211,0
-135.92,-51.372,0
-135.83,-51.532,0
-135.74,-51.693,0
-135.65,-51.853,0
-135.55,-52.013,0
-135.46,-52.172,0
-135.37,-52.332,0
-135.27,-52.491,0
-135.18,-52.651,0
-135.09,-52.81,0
-134.99,-52.969,0
-134.9,-53.128,0
-134.8,-53.286,0
-134.71,-53.445,0
-134.61,-53.603,0
-134.52,-53.761,0
-134.42,-53.919,0
-134.33,-54.077,0
-134.23,-54.235,0
-134.14,-54.392,0
-134.04,-54.55,0
-133.95,-54.707,0
-133.85,-54.864,0
-133.75,-55.021,0
-133.66,-55.178,0
-133.56,-55.334,0
-133.46,-55.491,0
-133.36,-55.647,0
-133.27,-55.803,0
-133.17,-55.959,0
-133.07,-56.115,0
-132.97,-56.27,0
-132.88,-56.426,0
-132.78,-56.581,0
-132.68,-56.736,0
-132.58,-56.891,0
-132.48,-57.046,0
-132.38,-57.201,0
-132.28,-57.355,0
-132.18,-57.51,0
-132.08,-57.664,0
-131.98,-57.818,0
-131.88,-57.971,0
-131.78,-58.125,0
-131.68,-58.279,0
-131.58,-58.432,0
-131.48,-58.585,0
-131.38,-58.738,0
-131.28,-58.891,0
-131.18,-59.044,0
-131.07,-59.196,0
-130.97,-59.348,0
-130.87,-59.5,0
-130.77,-59.652,0
-130.67,-59.804,0
-130.56,-59.956,0
-130.46,-60.107,0
-130.36,-60.259,0
-130.26,-60.41,0
-130.15,-60.561,0
-130.05,-60.712,0
-129.94,-60.862,0
-129.84,-61.013,0
-129.74,-61.163,0
-129.63,-61.313,0
-129.53,-61.463,0
-129.42,-61.613,0
-129.32,-61.762,0
-129.21,-61.912,0
-129.11,-62.061,0
-129,-62.21,0
-128.9,-62.359,0
-128.79,-62.508,0
-128.69,-62.657,0
-128.58,-62.805,0
-128.47,-62.953,0
-128.37,-63.101,0
-128.26,-63.249,0
-128.15,-63.397,0
-128.05,-63.544,0
-127.94,-63.692,0
-127.83,-63.839,0
-127.72,-63.986,0
-127.62,-64.133,0
-127.51,-64.279,0
-127.4,-64.426,0
-127.29,-64.572,0
-127.18,-64.718,0
-127.08,-64.864,0
-126.97,-65.01,0
-126.86,-65.156,0
-126.75,-65.301,0
-126.64,-65.446,0
-126.53,-65.591,0
-126.42,-65.736,0
-126.31,-65.881,0
-126.2,-66.026,0
-126.09,-66.17,0
-125.98,-66.314,0
-125.87,-66.458,0
-125.76,-66.602,0
-125.65,-66.746,0
-125.54,-66.889,0
-125.43,-67.032,0
-125.32,-67.176,0
-125.2,-67.319,0
-125.09,-67.461,0
-124.98,-67.604,0
-124.87,-67.746,0
-124.76,-67.888,0
-124.64,-68.031,0
-124.53,-68.172,0
-124.42,-68.314,0
-124.31,-68.456,0
-124.19,-68.597,0
-124.08,-68.738,0
-123.97,-68.879,0
-123.85,-69.02,0
-123.74,-69.16,0
-123.62,-69.301,0
-123.51,-69.441,0
-123.4,-69.581,0
-123.28,-69.721,0
-123.17,-69.86,0
-123.05,-70,0
-122.94,-70.139,0
-122.82,-70.278,0
-122.71,-70.417,0
-122.59,-70.556,0
-122.48,-70.695,0
-122.36,-70.833,0
-122.24,-70.971,0
-122.13,-71.109,0
-122.01,-71.247,0
-121.9,-71.385,0
-121.78,-71.522,0
-121.66,-71.659,0
-121.55,-71.796,0
-121.43,-71.933,0
-121.31,-72.07,0
-121.19,-72.207,0
-121.08,-72.343,0
-120.96,-72.479,0
-120.84,-72.615,0
-120.72,-72.751,0
-120.6,-72.886,0
-120.49,-73.022,0
-120.37,-73.157,0
-120.25,-73.292,0
-120.13,-73.427,0
-120.01,-73.561,0
-119.89,-73.696,0
-119.77,-73.83,0
-119.65,-73.964,0
-119.53,-74.098,0
-119.41,-74.232,0
-119.29,-74.365,0
-119.17,-74.499,0
-119.05,-74.632,0
-118.93,-74.765,0
-118.81,-74.897,0
-118.69,-75.03,0
-118.57,-75.162,0
-118.45,-75.294,0
-118.33,-75.426,0
-118.21,-75.558,0
-118.09,-75.69,0
-117.97,-75.821,0
-117.84,-75.952,0
-117.72,-76.083,0
-117.6,-76.214,0
-117.48,-76.345,0
-117.35,-76.475,0
-117.23,-76.605,0
-117.11,-76.736,0
-116.99,-76.865,0
-116.86,-76.995,0
-116.74,-77.124,0
-116.62,-77.254,0
-116.49,-77.383,0
-116.37,-77.512,0
-116.25,-77.64,0
-116.12,-77.769,0
-116,-77.897,0
-115.87,-78.025,0
-115.75,-78.153,0
-115.63,-78.281,0
-115.5,-78.408,0
-115.38,-78.536,0
-115.25,-78.663,0
-115.13,-78.79,0
-115,-78.916,0
-114.88,-79.043,0
-114.75,-79.169,0
-114.62,-79.296,0
-114.5,-79.421,0
-114.37,-79.547,0
-114.25,-79.673,0
-114.12,-79.798,0
-113.99,-79.923,0
-113.87,-80.048,0
-113.74,-80.173,0
-113.61,-80.297,0
-113.49,-80.422,0
-113.36,-80.546,0
-113.23,-80.67,0
-113.11,-80.794,0
-112.98,-80.917,0
-112.85,-81.041,0
-112.72,-81.164,0
-112.59,-81.287,0
-112.47,-81.41,0
-112.34,-81.532,0
-112.21,-81.654,0
-112.08,-81.777,0
-111.95,-81.899,0
-111.82,-82.02,0
-111.69,-82.142,0
-111.57,-82.263,0
-111.44,-82.384,0
-111.31,-82.505,0
-111.18,-82.626,0
-111.05,-82.747,0
-110.92,-82.867,0
-110.79,-82.987,0
-110.66,-83.107,0
-110.53,-83.227,0
-110.4,-83.346,0
-110.27,-83.466,0
-110.14,-83.585,0
-110.01,-83.704,0
-109.88,-83.822,0
-109.74,-83.941,0
-109.61,-84.059,0
-109.48,-84.177,0
-109.35,-84.295,0
-109.22,-84.413,0
-109.09,-84.531,0
-108.96,-84.648,0
-108.82,-84.765,0
-108.69,-84.882,0
-108.56,-84.999,0
-108.43,-85.115,0
-108.3,-85.231,0
-108.16,-85.347,0
-108.03,-85.463,0
-107.9,-85.579,0
-107.76,-85.694,0
-107.63,-85.81,0
-107.5,-85.925,0
-107.37,-86.04,0
-107.23,-86.154,0
-107.1,-86.269,0
-106.96,-86.383,0
-106.83,-86.497,0
-106.7,-86.611,0
-106.56,-86.724,0
-106.43,-86.838,0
-106.29,-86.951,0
-106.16,-87.064,0
-106.03,-87.177,0
-105.89,-87.289,0
-105.76,-87.401,0
-105.62,-87.514,0
-105.49,-87.626,0
-105.35,-87.737,0
-105.22,-87.849,0
-105.08,-87.96,0
-104.94,-88.071,0
-104.81,-88.182,0
-104.67,-88.293,0
-104.54,-88.403,0
-104.4,-88.514,0
-104.26,-88.624,0
-104.13,-88.733,0
-103.99,-88.843,0
-103.86,-88.953,0
-103.72,-89.062,0
-103.58,-89.171,0
-103.45,-89.28,0
-103.31,-89.388,0
-103.17,-89.497,0
-103.03,-89.605,0
-102.9,-89.713,0
-102.76,-89.82,0
-102.62,-89.928,0
-102.48,-90.035,0
-102.35,-90.142,0
-102.21,-90.249,0
-102.07,-90.356,0
-101.93,-90.462,0
-101.79,-90.569,0
-101.66,-90.675,0
-101.52,-90.781,0
-101.38,-90.886,0
-101.24,-90.992,0
-101.1,-91.097,0
-100.96,-91.202,0
-100.82,-91.307,0
-100.68,-91.411,0
-100.54,-91.516,0
-100.41,-91.62,0
-100.27,-91.724,0
-100.13,-91.827,0
-99.986,-91.931,0
-99.847,-92.034,0
-99.707,-92.137,0
-99.567,-92.24,0
-99.426,-92.343,0
-99.286,-92.445,0
-99.146,-92.547,0
-99.005,-92.649,0
-98.865,-92.751,0
-98.724,-92.853,0
-98.583,-92.954,0
-98.442,-93.055,0
-98.301,-93.156,0
-98.16,-93.257,0
-98.019,-93.358,0
-97.878,-93.458,0
-97.736,-93.558,0
-97.595,-93.658,0
-97.453,-93.757,0
-97.311,-93.857,0
-97.169,-93.956,0
-97.027,-94.055,0
-96.885,-94.154,0
-96.743,-94.252,0
-96.601,-94.351,0
-96.459,-94.449,0
-96.316,-94.547,0
-96.174,-94.645,0
-96.031,-94.742,0
-95.888,-94.839,0
-95.745,-94.936,0
-95.602,-95.033,0
-95.459,-95.13,0
-95.316,-95.226,0
-95.173,-95.322,0
-95.029,-95.418,0
-94.886,-95.514,0
-94.742,-95.61,0
-94.599,-95.705,0
-94.455,-95.8,0
-94.311,-95.895,0
-94.167,-95.99,0
-94.023,-96.084,0
-93.879,-96.178,0
-93.735,-96.272,0
-93.591,-96.366,0
-93.446,-96.46,0
-93.302,-96.553,0
-93.157,-96.646,0
-93.012,-96.739,0
-92.867,-96.832,0
-92.723,-96.924,0
-92.578,-97.017,0
-92.432,-97.109,0
-92.287,-97.201,0
-92.142,-97.292,0
-91.997,-97.384,0
-91.851,-97.475,0
-91.706,-97.566,0
-91.56,-97.656,0
-91.414,-97.747,0
-91.269,-97.837,0
-91.123,-97.927,0
-90.977,-98.017,0
-90.831,-98.107,0
-90.684,-98.196,0
-90.538,-98.285,0
-90.392,-98.374,0
-90.245,-98.463,0
-90.099,-98.552,0
-89.952,-98.64,0
-89.806,-98.728,0
-89.659,-98.816,0
-89.512,-98.904,0
-89.365,-98.991,0
-89.218,-99.078,0
-89.071,-99.165,0
-88.924,-99.252,0
-88.776,-99.339,0
-88.629,-99.425,0
-88.482,-99.511,0
-88.334,-99.597,0
-88.186,-99.683,0
-88.039,-99.768,0
-87.891,-99.853,0
-87.743,-99.938,0
-87.595,-100.02,0
-87.447,-100.11,0
-87.299,-100.19,0
-87.151,-100.28,0
-87.003,-100.36,0
-86.854,-100.44,0
-86.706,-100.53,0
-86.557,-100.61,0
-86.409,-100.69,0
-86.26,-100.78,0
-86.111,-100.86,0
-85.962,-100.94,0
-85.813,-101.02,0
-85.665,-101.1,0
-85.515,-101.19,0
-85.366,-101.27,0
-85.217,-101.35,0
-85.068,-101.43,0
-84.918,-101.51,0
-84.769,-101.59,0
-84.62,-101.67,0
-84.47,-101.75,0
-84.32,-101.83,0
-84.171,-101.91,0
-84.021,-101.99,0
-83.871,-102.07,0
-83.721,-102.15,0
-83.571,-102.23,0
-83.421,-102.31,0
-83.271,-102.38,0
-83.12,-102.46,0
-82.97,-102.54,0
-82.82,-102.62,0
-82.669,-102.7,0
-82.519,-102.77,0
-82.368,-102.85,0
-82.218,-102.93,0
-82.067,-103,0
-81.916,-103.08,0
-81.765,-103.16,0
-81.614,-103.23,0
-81.463,-103.31,0
-81.312,-103.38,0
-81.161,-103.46,0
-81.01,-103.53,0
-80.859,-103.61,0
-80.707,-103.68,0
-80.556,-103.76,0
-80.404,-103.83,0
-80.253,-103.9,0
-80.101,-103.98,0
-79.95,-104.05,0
-79.798,-104.12,0
-79.646,-104.2,0
-79.494,-104.27,0
-79.342,-104.34,0
-79.19,-104.41,0
-79.038,-104.49,0
-78.886,-104.56,0
-78.734,-104.63,0
-78.582,-104.7,0
-78.43,-104.77,0
-78.277,-104.84,0
-78.125,-104.91,0
-77.972,-104.98,0
-77.82,-105.06,0
-77.667,-105.13,0
-77.515,-105.19,0
-77.362,-105.26,0
-77.209,-105.33,0
-77.056,-105.4,0
-76.903,-105.47,0
-76.751,-105.54,0
-76.598,-105.61,0
-76.445,-105.68,0
-76.291,-105.75,0
-76.138,-105.81,0
-75.985,-105.88,0
-75.832,-105.95,0
-75.678,-106.01,0
-75.525,-106.08,0
-75.372,-106.15,0
-75.218,-106.21,0
-75.065,-106.28,0
-74.911,-106.35,0
-74.757,-106.41,0
-74.604,-106.48,0
-74.45,-106.54,0
-74.296,-106.61,0
-74.142,-106.67,0
-73.988,-106.74,0
-73.834,-106.8,0
-73.68,-106.87,0
-73.526,-106.93,0
-73.372,-106.99,0
-73.218,-107.06,0
-73.064,-107.12,0
-72.91,-107.18,0
-72.755,-107.25,0
-72.601,-107.31,0
-72.447,-107.37,0
-72.292,-107.43,0
-72.138,-107.5,0
-71.983,-107.56,0
-71.829,-107.62,0
-71.674,-107.68,0
-71.519,-107.74,0
-71.365,-107.8,0
-71.21,-107.86,0
-71.055,-107.92,0
-70.9,-107.98,0
-70.745,-108.04,0
-70.59,-108.1,0
-70.435,-108.16,0
-70.28,-108.22,0
-70.125,-108.28,0
-69.97,-108.34,0
-69.815,-108.4,0
-69.66,-108.45,0
-69.505,-108.51,0
-69.349,-108.57,0
-69.194,-108.63,0
-69.039,-108.68,0
-68.883,-108.74,0
-68.728,-108.8,0
-68.572,-108.86,0
-68.417,-108.91,0
-68.261,-108.97,0
-68.106,-109.02,0
-67.95,-109.08,0
-67.794,-109.14,0
-67.639,-109.19,0
-67.483,-109.25,0
-67.327,-109.3,0
-67.171,-109.36,0
-67.016,-109.41,0
-66.86,-109.46,0
-66.704,-109.52,0
-66.548,-109.57,0
-66.392,-109.62,0
-66.236,-109.68,0
-66.08,-109.73,0
-65.924,-109.78,0
-65.768,-109.84,0
-65.611,-109.89,0
-65.455,-109.94,0
-65.299,-109.99,0
-65.143,-110.04,0
-64.986,-110.1,0
-64.83,-110.15,0
-64.674,-110.2,0
-64.517,-110.25,0
-64.361,-110.3,0
-64.205,-110.35,0
-64.048,-110.4,0
-63.892,-110.45,0
-63.735,-110.5,0
-63.578,-110.55,0
-63.422,-110.6,0
-63.265,-110.65,0
-63.109,-110.7,0
-62.952,-110.74,0
-62.795,-110.79,0
-62.639,-110.84,0
-62.482,-110.89,0
-62.325,-110.94,0
-62.168,-110.98,0
-62.011,-111.03,0
-61.855,-111.08,0
-61.698,-111.12,0
-61.541,-111.17,0
-61.384,-111.22,0
-61.227,-111.26,0
-61.07,-111.31,0
-60.913,-111.35,0
-60.756,-111.4,0
-60.599,-111.44,0
-60.442,-111.49,0
-60.285,-111.53,0
-60.128,-111.58,0
-59.971,-111.62,0
-59.814,-111.67,0
-59.656,-111.71,0
-59.499,-111.75,0
-59.342,-111.8,0
-59.185,-111.84,0
-59.028,-111.88,0
-58.87,-111.92,0
-58.713,-111.97,0
-58.556,-112.01,0
-58.398,-112.05,0
-58.241,-112.09,0
-58.084,-112.13,0
-57.926,-112.18,0
-57.769,-112.22,0
-57.612,-112.26,0
-57.454,-112.3,0
-57.297,-112.34,0
-57.139,-112.38,0
-56.982,-112.42,0
-56.825,-112.46,0
-56.667,-112.5,0
-56.51,-112.54,0
-56.352,-112.58,0
-56.195,-112.61,0
-56.037,-112.65,0
-55.88,-112.69,0
-55.722,-112.73,0
-55.564,-112.77,0
-55.407,-112.8,0
-55.249,-112.84,0
-55.092,-112.88,0
-54.934,-112.92,0
-54.776,-112.95,0
-54.619,-112.99,0
-54.461,-113.03,0
-54.304,-113.06,0
-54.146,-113.1,0
-53.988,-113.13,0
-53.831,-113.17,0
-53.673,-113.2,0
-53.515,-113.24,0
-53.358,-113.27,0
-53.2,-113.31,0
-53.042,-113.34,0
-52.885,-113.38,0
-52.727,-113.41,0
-52.569,-113.44,0
-52.411,-113.48,0
-52.254,-113.51,0
-52.096,-113.54,0
-51.938,-113.57,0
-51.78,-113.61,0
-51.623,-113.64,0
-51.465,-113.67,0
-51.307,-113.7,0
-51.15,-113.73,0
-50.992,-113.77,0
-50.834,-113.8,0
-50.676,-113.83,0
-50.519,-113.86,0
-50.361,-113.89,0
-50.203,-113.92,0
-50.045,-113.95,0
-49.888,-113.98,0
-49.73,-114.01,0
-49.572,-114.04,0
-49.414,-114.07,0
-49.257,-114.09,0
-49.099,-114.12,0
-48.941,-114.15,0
-48.783,-114.18,0
-48.626,-114.21,0
-48.468,-114.24,0
-48.31,-114.26,0
-48.152,-114.29,0
-47.995,-114.32,0
-47.837,-114.34,0
-47.679,-114.37,0
-47.522,-114.4,0
-47.364,-114.42,0
-47.206,-114.45,0
-47.048,-114.47,0
-46.891,-114.5,0
-46.733,-114.53,0
-46.575,-114.55,0
-46.418,-114.57,0
-46.26,-114.6,0
-46.103,-114.62,0
-45.945,-114.65,0
-45.787,-114.67,0
-45.63,-114.7,0
-45.472,-114.72,0
-45.314,-114.74,0
-45.157,-114.76,0
-44.999,-114.79,0
-44.842,-114.81,0
-44.684,-114.83,0
-44.527,-114.85,0
-44.369,-114.88,0
-44.212,-114.9,0
-44.054,-114.92,0
-43.897,-114.94,0
-43.739,-114.96,0
-43.582,-114.98,0
-43.424,-115,0
-43.267,-115.02,0
-43.109,-115.04,0
-42.952,-115.06,0
-42.795,-115.08,0
-42.637,-115.1,0
-42.48,-115.12,0
-42.323,-115.14,0
-42.165,-115.16,0
-42.008,-115.18,0
-41.851,-115.2,0
-41.693,-115.21,0
-41.536,-115.23,0
-41.379,-115.25,0
-41.222,-115.27,0
-41.064,-115.28,0
-40.907,-115.3,0
-40.75,-115.32,0
-40.593,-115.33,0
-40.436,-115.35,0
-40.279,-115.37,0
-40.122,-115.38,0
-39.965,-115.4,0
-39.808,-115.41,0
-39.65,-115.43,0
-39.493,-115.44,0
-39.337,-115.46,0
-39.18,-115.47,0
-39.023,-115.49,0
-38.866,-115.5,0
-38.709,-115.52,0
-38.552,-115.53,0
-38.395,-115.54,0
-38.238,-115.56,0
-38.082,-115.57,0
-37.925,-115.58,0
-37.768,-115.6,0
-37.611,-115.61,0
-37.455,-115.62,0
-37.298,-115.63,0
-37.141,-115.64,0
-36.985,-115.65,0
-36.828,-115.67,0
-36.672,-115.68,0
-36.515,-115.69,0
-36.359,-115.7,0
-36.202,-115.71,0
-36.046,-115.72,0
-35.889,-115.73,0
-35.733,-115.74,0
-35.577,-115.75,0
-35.42,-115.76,0
-35.264,-115.77,0
-35.108,-115.78,0
-34.951,-115.78,0
-34.795,-115.79,0
-34.639,-115.8,0
-34.483,-115.81,0
-34.327,-115.82,0
-34.171,-115.82,0
-34.015,-115.83,0
-33.859,-115.84,0
-33.703,-115.85,0
-33.547,-115.85,0
-33.391,-115.86,0
-33.235,-115.86,0
-33.079,-115.87,0
-32.923,-115.88,0
-32.768,-115.88,0
-32.612,-115.89,0
-32.456,-115.89,0
-32.301,-115.9,0
-32.145,-115.9,0
-31.989,-115.91,0
-31.834,-115.91,0
-31.678,-115.92,0
-31.523,-115.92,0
-31.367,-115.92,0
-31.212,-115.93,0
-31.057,-115.93,0
-30.901,-115.93,0
-30.746,-115.94,0
-30.591,-115.94,0
-30.436,-115.94,0
-30.281,-115.94,0
-30.125,-115.94,0
-29.97,-115.95,0
-29.815,-115.95,0
-29.66,-115.95,0
-29.505,-115.95,0
-29.35,-115.95,0
-29.196,-115.95,0
-29.041,-115.95,0
-28.886,-115.95,0
-28.731,-115.95,0
-28.577,-115.95,0
-28.422,-115.95,0
-28.267,-115.95,0
-28.113,-115.95,0
-27.958,-115.95,0
-27.804,-115.95,0
-27.649,-115.95,0
-27.495,-115.94,0
-27.341,-115.94,0
-27.186,-115.94,0
-27.032,-115.94,0
-26.878,-115.94,0
-26.724,-115.93,0
-26.57,-115.93,0
-26.416,-115.93,0
-26.262,-115.92,0
-26.108,-115.92,0
-25.954,-115.92,0
-25.8,-115.91,0
-25.646,-115.91,0
-25.492,-115.9,0
-25.339,-115.9,0
-25.185,-115.89,0
-25.031,-115.89,0
-24.878,-115.88,0
-24.724,-115.88,0
-24.571,-115.87,0
-24.418,-115.87,0
-24.264,-115.86,0
-24.111,-115.85,0
-23.958,-115.85,0
-23.804,-115.84,0
-23.651,-115.83,0
-23.498,-115.83,0
-23.345,-115.82,0
-23.192,-115.81,0
-23.039,-115.8,0
-22.886,-115.79,0
-22.734,-115.79,0
-22.581,-115.78,0
-22.428,-115.77,0
-22.276,-115.76,0
-22.123,-115.75,0
-21.97,-115.74,0
-21.818,-115.73,0
-21.666,-115.72,0
-21.513,-115.71,0
-21.361,-115.7,0
-21.209,-115.69,0
-21.056,-115.68,0
-20.904,-115.67,0
-20.752,-115.66,0
-20.6,-115.65,0
-20.448,-115.64,0
-20.296,-115.63,0
-20.145,-115.61,0
-19.993,-115.6,0
-19.841,-115.59,0
-19.689,-115.58,0
-19.538,-115.57,0
-19.386,-115.55,0
-19.235,-115.54,0
-19.084,-115.53,0
-18.932,-115.51,0
-18.781,-115.5,0
-18.63,-115.49,0
-18.479,-115.47,0
-18.327,-115.46,0
-18.176,-115.44,0
-18.025,-115.43,0
-17.875,-115.41,0
-17.724,-115.4,0
-17.573,-115.38,0
-17.422,-115.37,0
-17.272,-115.35,0
-17.121,-115.34,0
-16.971,-115.32,0
-16.82,-115.3,0
-16.67,-115.29,0
-16.519,-115.27,0
-16.369,-115.25,0
-16.219,-115.24,0
-16.069,-115.22,0
-15.919,-115.2,0
-15.769,-115.18,0
-15.619,-115.17,0
-15.469,-115.15,0
-15.32,-115.13,0
-15.17,-115.11,0
-15.02,-115.09,0
-14.871,-115.07,0
-14.721,-115.05,0
-14.572,-115.03,0
-14.422,-115.01,0
-14.273,-114.99,0
-14.124,-114.97,0
-13.975,-114.95,0
-13.826,-114.93,0
-13.677,-114.91,0
-13.528,-114.89,0
-13.379,-114.87,0
-13.23,-114.85,0
-13.082,-114.83,0
-12.933,-114.81,0
-12.785,-114.79,0
-12.636,-114.76,0
-12.488,-114.74,0
-12.339,-114.72,0
-12.191,-114.7,0
-12.043,-114.67,0
-11.895,-114.65,0
-11.747,-114.63,0
-11.599,-114.6,0
-11.451,-114.58,0
-11.303,-114.56,0
-11.156,-114.53,0
-11.008,-114.51,0
-10.86,-114.48,0
-10.713,-114.46,0
-10.566,-114.44,0
-10.418,-114.41,0
-10.271,-114.39,0
-10.124,-114.36,0
-9.9768,-114.33,0
-9.8298,-114.31,0
-9.6829,-114.28,0
-9.5361,-114.26,0
-9.3893,-114.23,0
-9.2426,-114.2,0
-9.0961,-114.18,0
-8.9495,-114.15,0
-8.8031,-114.12,0
-8.6568,-114.1,0
-8.5105,-114.07,0
-8.3643,-114.04,0
-8.2182,-114.01,0
-8.0722,-113.98,0
-7.9262,-113.96,0
-7.7804,-113.93,0
-7.6346,-113.9,0
-7.4889,-113.87,0
-7.3433,-113.84,0
-7.1978,-113.81,0
-7.0524,-113.78,0
-6.907,-113.75,0
-6.7617,-113.72,0
-6.6166,-113.69,0
-6.4715,-113.66,0
-6.3265,-113.63,0
-6.1815,-113.6,0
-6.0367,-113.57,0
-5.892,-113.54,0
-5.7473,-113.51,0
-5.6027,-113.48,0
-5.4582,-113.45,0
-5.3138,-113.41,0
-5.1695,-113.38,0
-5.0253,-113.35,0
-4.8812,-113.32,0
-4.7371,-113.29,0
-4.5932,-113.25,0
-4.4493,-113.22,0
-4.3055,-113.19,0
-4.1618,-113.15,0
-4.0183,-113.12,0
-3.8747,-113.09,0
-3.7313,-113.05,0
-3.588,-113.02,0
-3.4448,-112.98,0
-3.3016,-112.95,0
-3.1586,-112.92,0
-3.0156,-112.88,0
-2.8728,-112.85,0
-2.73,-112.81,0
-2.5873,-112.77,0
-2.4447,-112.74,0
-2.3022,-112.7,0
-2.1598,-112.67,0
-2.0175,-112.63,0
-1.8753,-112.6,0
-1.7332,-112.56,0
-1.5912,-112.52,0
-1.4492,-112.49,0
-1.3074,-112.45,0
-1.1657,-112.41,0
-1.024,-112.37,0
-0.88248,-112.34,0
-0.74103,-112.3,0
-0.59968,-112.26,0
-0.45842,-112.22,0
-0.31726,-112.18,0
-0.17619,-112.15,0
-0.035226,-112.11,0
0.10564,-112.07,0
0.24641,-112.03,0
0.38709,-111.99,0
0.52766,-111.95,0
0.66814,-111.91,0
0.80851,-111.87,0
0.94879,-111.83,0
1.089,-111.79,0
1.229,-111.75,0
1.369,-111.71,0
1.5089,-111.67,0
1.6487,-111.63,0
1.7884,-111.59,0
1.9279,-111.55,0
2.0674,-111.5,0
2.2068,-111.46,0
2.3461,-111.42,0
2.4852,-111.38,0
2.6243,-111.34,0
2.7633,-111.29,0
2.9021,-111.25,0
3.0409,-111.21,0
3.1796,-111.17,0
3.3181,-111.12,0
3.4566,-111.08,0
3.5949,-111.04,0
3.7332,-110.99,0
3.8713,-110.95,0
4.0093,-110.9,0
4.1473,-110.86,0
4.2851,-110.82,0
4.4228,-110.77,0
4.5604,-110.73,0
4.6979,-110.68,0
4.8353,-110.64,0
4.9726,-110.59,0
5.1098,-110.55,0
5.2469,-110.5,0
5.3839,-110.45,0
5.5208,-110.41,0
5.6575,-110.36,0
5.7942,-110.32,0
5.9307,-110.27,0
6.0672,-110.22,0
6.2035,-110.18,0
6.3397,-110.13,0
6.4758,-110.08,0
6.6118,-110.03,0
6.7477,-109.99,0
6.8835,-109.94,0
7.0192,-109.89,0
7.1547,-109.84,0
7.2902,-109.8,0
7.4255,-109.75,0
7.5608,-109.7,0
7.6959,-109.65,0
7.8309,-109.6,0
7.9658,-109.55,0
8.1006,-109.5,0
8.2353,-109.45,0
8.3699,-109.4,0
8.5043,-109.35,0
8.6386,-109.3,0
8.7729,-109.25,0
8.907,-109.2,0
9.041,-109.15,0
9.1749,-109.1,0
9.3086,-109.05,0
9.4423,-109,0
9.5759,-108.95,0
9.7093,-108.9,0
9.8426,-108.85,0
9.9758,-108.79,0
10.109,-108.74,0
10.242,-108.69,0
10.375,-108.64,0
10.507,-108.59,0
10.64,-108.53,0
10.773,-108.48,0
10.905,-108.43,0
11.037,-108.37,0
11.169,-108.32,0
11.301,-108.27,0
11.433,-108.21,0
11.565,-108.16,0
11.697,-108.11,0
11.828,-108.05,0
11.96,-108,0
12.091,-107.94,0
12.222,-107.89,0
12.354,-107.84,0
12.485,-107.78,0
12.615,-107.73,0
12.746,-107.67,0
12.877,-107.61,0
13.007,-107.56,0
13.138,-107.5,0
13.268,-107.45,0
13.398,-107.39,0
13.528,-107.34,0
13.658,-107.28,0
13.788,-107.22,0
13.917,-107.17,0
14.047,-107.11,0
14.176,-107.05,0
14.306,-106.99,0
14.435,-106.94,0
14.564,-106.88,0
14.693,-106.82,0
14.822,-106.76,0
14.95,-106.71,0
15.079,-106.65,0
15.207,-106.59,0
15.336,-106.53,0
15.464,-106.47,0
15.592,-106.41,0
15.72,-106.35,0
15.847,-106.3,0
15.975,-106.24,0
16.103,-106.18,0
16.23,-106.12,0
16.357,-106.06,0
16.485,-106,0
16.612,-105.94,0
16.739,-105.88,0
16.865,-105.82,0
16.992,-105.76,0
17.119,-105.7,0
17.245,-105.63,0
17.371,-105.57,0
17.498,-105.51,0
17.624,-105.45,0
17.75,-105.39,0
17.875,-105.33,0
18.001,-105.27,0
18.126,-105.2,0
18.252,-105.14,0
18.377,-105.08,0
18.502,-105.02,0
18.627,-104.95,0
18.752,-104.89,0
18.877,-104.83,0
19.002,-104.77,0
19.126,-104.7,0
19.25,-104.64,0
19.375,-104.58,0
19.499,-104.51,0
19.623,-104.45,0
19.747,-104.38,0
19.87,-104.32,0
19.994,-104.26,0
20.117,-104.19,0
20.241,-104.13,0
20.364,-104.06,0
20.487,-104,0
20.61,-103.93,0
20.733,-103.87,0
20.855,-103.8,0
20.978,-103.74,0
21.1,-103.67,0
21.222,-103.6,0
21.345,-103.54,0
21.467,-103.47,0
21.588,-103.41,0
21.71,-103.34,0
21.832,-103.27,0
21.953,-103.21,0
22.074,-103.14,0
22.196,-103.07,0
22.317,-103.01,0
22.438,-102.94,0
22.558,-102.87,0
22.679,-102.8,0
22.8,-102.74,0
22.92,-102.67,0
23.04,-102.6,0
23.16,-102.53,0
23.28,-102.46,0
23.4,-102.39,0
23.52,-102.33,0
23.639,-102.26,0
23.759,-102.19,0
23.878,-102.12,0
23.997,-102.05,0
24.116,-101.98,0
24.235,-101.91,0
24.354,-101.84,0
24.472,-101.77,0
24.591,-101.7,0
24.709,-101.63,0
24.827,-101.56,0
24.945,-101.49,0
25.063,-101.42,0
25.181,-101.35,0
25.298,-101.28,0
25.416,-101.21,0
25.533,-101.14,0
25.65,-101.07,0
25.767,-101,0
25.884,-100.92,0
26.001,-100.85,0
26.118,-100.78,0
26.234,-100.71,0
26.351,-100.64,0
26.467,-100.56,0
26.583,-100.49,0
26.699,-100.42,0
26.815,-100.35,0
26.93,-100.27,0
27.046,-100.2,0
27.161,-100.13,0
27.276,-100.05,0
27.391,-99.982,0
27.506,-99.908,0
27.621,-99.835,0
27.736,-99.761,0
27.85,-99.687,0
27.965,-99.613,0
28.079,-99.539,0
28.193,-99.465,0
28.307,-99.39,0
28.421,-99.316,0
28.534,-99.241,0
28.648,-99.166,0
28.761,-99.091,0
28.874,-99.016,0
28.987,-98.941,0
29.1,-98.866,0
29.213,-98.79,0
29.326,-98.715,0
29.438,-98.639,0
29.55,-98.563,0
29.663,-98.487,0
29.775,-98.411,0
29.886,-98.335,0
29.998,-98.258,0
30.11,-98.182,0
30.221,-98.105,0
30.332,-98.028,0
30.444,-97.951,0
30.555,-97.874,0
30.665,-97.797,0
30.776,-97.72,0
30.887,-97.642,0
30.997,-97.565,0
31.107,-97.487,0
31.218,-97.409,0
31.328,-97.331,0
31.437,-97.253,0
31.547,-97.175,0
31.657,-97.096,0
31.766,-97.018,0
31.875,-96.939,0
31.984,-96.861,0
32.093,-96.782,0
32.202,-96.703,0
32.311,-96.624,0
32.419,-96.544,0
32.527,-96.465,0
32.635,-96.386,0
32.743,-96.306,0
32.851,-96.226,0
32.959,-96.146,0
33.067,-96.066,0
33.174,-95.986,0
33.281,-95.906,0
33.388,-95.826,0
33.495,-95.745,0
33.602,-95.664,0
33.709,-95.584,0
33.815,-95.503,0
33.922,-95.422,0
34.028,-95.341,0
34.134,-95.259,0
34.24,-95.178,0
34.346,-95.097,0
34.451,-95.015,0
34.557,-94.933,0
34.662,-94.851,0
34.767,-94.77,0
34.872,-94.687,0
34.977,-94.605,0
35.082,-94.523,0
35.186,-94.44,0
35.29,-94.358,0
35.395,-94.275,0
35.499,-94.192,0
35.603,-94.109,0
35.706,-94.026,0
35.81,-93.943,0
35.913,-93.86,0
36.017,-93.777,0
36.12,-93.693,0
36.223,-93.61,0
36.326,-93.526,0
36.428,-93.442,0
36.531,-93.358,0
36.633,-93.274,0
36.735,-93.19,0
36.837,-93.105,0
36.939,-93.021,0
37.041,-92.936,0
37.142,-92.852,0
37.244,-92.767,0
37.345,-92.682,0
37.446,-92.597,0
37.547,-92.512,0
37.648,-92.427,0
37.749,-92.341,0
37.849,-92.256,0
37.949,-92.17,0
38.049,-92.085,0
38.149,-91.999,0
38.249,-91.913,0
38.349,-91.827,0
38.448,-91.741,0
38.548,-91.654,0
38.647,-91.568,0
38.746,-91.482,0
38.845,-91.395,0
38.944,-91.308,0
39.042,-91.222,0
39.141,-91.135,0
39.239,-91.048,0
39.337,-90.96,0
39.435,-90.873,0
39.533,-90.786,0
39.63,-90.698,0
39.728,-90.611,0
39.825,-90.523,0
39.922,-90.435,0
40.019,-90.348,0
40.116,-90.26,0
40.213,-90.172,0
40.309,-90.083,0
40.405,-89.995,0
40.502,-89.907,0
40.598,-89.818,0
40.693,-89.729,0
40.789,-89.641,0
40.885,-89.552,0
40.98,-89.463,0
41.075,-89.374,0
41.17,-89.285,0
41.265,-89.196,0
41.36,-89.106,0
41.454,-89.017,0
41.549,-88.927,0
41.643,-88.838,0
41.737,-88.748,0
41.831,-88.658,0
41.925,-88.568,0
42.018,-88.478,0
42.112,-88.388,0
42.205,-88.298,0
42.298,-88.207,0
42.391,-88.117,0
42.484,-88.026,0
42.576,-87.936,0
42.669,-87.845,0
42.761,-87.754,0
42.853,-87.663,0
42.945,-87.572,0
43.037,-87.481,0
43.128,-87.389,0
43.22,-87.298,0
43.311,-87.207,0
43.402,-87.115,0
43.493,-87.023,0
43.584,-86.932,0
43.675,-86.84,0
43.765,-86.748,0
43.855,-86.656,0
43.946,-86.564,0
44.036,-86.472,0
44.125,-86.379,0
44.215,-86.287,0
44.304,-86.194,0
44.394,-86.102,0
44.483,-86.009,0
44.572,-85.916,0
44.661,-85.823,0
44.749,-85.731,0
44.838,-85.637,0
44.926,-85.544,0
45.014,-85.451,0
45.102,-85.358,0
45.19,-85.264,0
45.278,-85.171,0
45.365,-85.077,0
45.453,-84.983,0
45.54,-84.89,0
45.627,-84.796,0
45.713,-84.702,0
45.8,-84.608,0
45.887,-84.514,0
45.973,-84.419,0
46.059,-84.325,0
46.145,-84.231,0
46.231,-84.136,0
46.316,-84.042,0
46.402,-83.947,0
46.487,-83.852,0
46.572,-83.757,0
46.657,-83.662,0
46.742,-83.567,0
46.827,-83.472,0
46.911,-83.377,0
46.996,-83.282,0
47.08,-83.186,0
47.164,-83.091,0
47.247,-82.995,0
47.331,-82.9,0
47.415,-82.804,0
47.498,-82.708,0
47.581,-82.612,0
47.664,-82.516,0
47.747,-82.42,0
47.829,-82.324,0
47.912,-82.228,0
47.994,-82.132,0
48.076,-82.035,0
48.158,-81.939,0
48.24,-81.842,0
48.321,-81.746,0
48.403,-81.649,0
48.484,-81.552,0
48.565,-81.455,0
48.646,-81.358,0
48.727,-81.261,0
48.807,-81.164,0
48.888,-81.067,0
48.968,-80.97,0
49.048,-80.872,0
49.128,-80.775,0
49.208,-80.678,0
49.287,-80.58,0
49.367,-80.482,0
49.446,-80.385,0
49.525,-80.287,0
49.604,-80.189,0
49.682,-80.091,0
49.761,-79.993,0
49.839,-79.895,0
49.918,-79.797,0
49.996,-79.698,0
50.073,-79.6,0
50.151,-79.502,0
50.229,-79.403,0
50.306,-79.305,0
50.383,-79.206,0
50.46,-79.107,0
50.537,-79.008,0
50.613,-78.91,0
50.69,-78.811,0
50.766,-78.712,0
50.842,-78.613,0
50.918,-78.514,0
50.994,-78.414,0
51.07,-78.315,0
51.145,-78.216,0
51.22,-78.116,0
51.296,-78.017,0
51.37,-77.917,0
51.445,-77.818,0
51.52,-77.718,0
51.594,-77.618,0
51.668,-77.518,0
51.742,-77.418,0
51.816,-77.318,0
51.89,-77.218,0
51.964,-77.118,0
52.037,-77.018,0
52.11,-76.918,0
52.183,-76.817,0
52.256,-76.717,0
52.329,-76.617,0
52.401,-76.516,0
52.474,-76.415,0
52.546,-76.315,0
52.618,-76.214,0
52.689,-76.113,0
52.761,-76.012,0
52.833,-75.912,0
52.904,-75.811,0
52.975,-75.709,0
53.046,-75.608,0
53.117,-75.507,0
53.187,-75.406,0
53.258,-75.305,0
53.328,-75.203,0
53.398,-75.102,0
53.468,-75,0
53.538,-74.899,0
53.607,-74.797,0
53.677,-74.696,0
53.746,-74.594,0
53.815,-74.492,0
53.884,-74.39,0
53.952,-74.288,0
54.021,-74.186,0
54.089,-74.084,0
54.157,-73.982,0
54.225,-73.88,0
54.293,-73.778,0
54.361,-73.676,0
54.428,-73.573,0
54.495,-73.471,0
54.562,-73.369,0
54.629,-73.266,0
54.696,-73.164,0
54.763,-73.061,0
54.829,-72.958,0
54.895,-72.856,0
54.961,-72.753,0
55.027,-72.65,0
55.093,-72.547,0
55.159,-72.444,0
55.224,-72.341,0
55.289,-72.238,0
55.354,-72.135,0
55.419,-72.032,0
55.484,-71.929,0
55.548,-71.825,0
55.612,-71.722,0
55.677,-71.619,0
55.74,-71.515,0
55.804,-71.412,0
55.868,-71.308,0
55.931,-71.205,0
55.995,-71.101,0
56.058,-70.997,0
56.12,-70.894,0
56.183,-70.79,0
56.246,-70.686,0
56.308,-70.582,0
56.37,-70.478,0
56.432,-70.374,0
56.494,-70.27,0
56.556,-70.166,0
56.617,-70.062,0
56.679,-69.958,0
56.74,-69.854,0
56.801,-69.749,0
56.862,-69.645,0
56.922,-69.541,0
56.983,-69.436,0
57.043,-69.332,0
57.103,-69.227,0
57.163,-69.123,0
57.223,-69.018,0
57.282,-68.914,0
57.342,-68.809,0
57.401,-68.704,0
57.46,-68.599,0
57.519,-68.495,0
57.577,-68.39,0
57.636,-68.285,0
57.694,-68.18,0
57.752,-68.075,0
57.81,-67.97,0
57.868,-67.865,0
57.926,-67.76,0
57.983,-67.655,0
58.04,-67.549,0
58.097,-67.444,0
58.154,-67.339,0
58.211,-67.234,0
58.268,-67.128,0
58.324,-67.023,0
58.38,-66.917,0
58.436,-66.812,0
58.492,-66.706,0
58.548,-66.601,0
58.603,-66.495,0
58.659,-66.39,0
58.714,-66.284,0
58.769,-66.178,0
58.824,-66.072,0
58.878,-65.967,0
58.933,-65.861,0
58.987,-65.755,0
59.041,-65.649,0
59.095,-65.543,0
59.149,-65.437,0
59.202,-65.331,0
59.256,-65.225,0
59.309,-65.119,0
59.362,-65.013,0
59.415,-64.907,0
59.467,-64.801,0
59.52,-64.694,0
59.572,-64.588,0
59.624,-64.482,0
59.676,-64.376,0
59.728,-64.269,0
59.78,-64.163,0
59.831,-64.056,0
59.882,-63.95,0
59.933,-63.844,0
59.984,-63.737,0
60.035,-63.63,0
60.086,-63.524,0
60.136,-63.417,0
60.186,-63.311,0
60.236,-63.204,0
60.286,-63.097,0
60.336,-62.991,0
60.385,-62.884,0
60.435,-62.777,0
60.484,-62.67,0
60.533,-62.563,0
60.581,-62.457,0
60.63,-62.35,0
60.678,-62.243,0
60.727,-62.136,0
60.775,-62.029,0
60.823,-61.922,0
60.87,-61.815,0
60.918,-61.708,0
60.965,-61.601,0
61.013,-61.494,0
61.06,-61.387,0
61.106,-61.279,0
61.153,-61.172,0
61.2,-61.065,0
61.246,-60.958,0
61.292,-60.851,0
61.338,-60.743,0
61.384,-60.636,0
61.429,-60.529,0
61.475,-60.421,0
61.52,-60.314,0
61.565,-60.207,0
61.61,-60.099,0
61.655,-59.992,0
61.699,-59.884,0
61.744,-59.777,0
61.788,-59.67,0
61.832,-59.562,0
61.876,-59.454,0
61.919,-59.347,0
61.963,-59.239,0
62.006,-59.132,0
62.049,-59.024,0
62.092,-58.917,0
62.135,-58.809,0
62.178,-58.701,0
62.22,-58.594,0
62.262,-58.486,0
62.304,-58.378,0
62.346,-58.27,0
62.388,-58.163,0
62.43,-58.055,0
62.471,-57.947,0
62.512,-57.839,0
62.553,-57.732,0
62.594,-57.624,0
62.635,-57.516,0
62.675,-57.408,0
62.716,-57.3,0
62.756,-57.192,0
62.796,-57.084,0
62.835,-56.977,0
62.875,-56.869,0
62.914,-56.761,0
62.954,-56.653,0
62.993,-56.545,0
63.032,-56.437,0
63.07,-56.329,0
63.109,-56.221,0
63.147,-56.113,0
63.186,-56.005,0
63.224,-55.897,0
63.262,-55.789,0
63.299,-55.681,0
63.337,-55.573,0
63.374,-55.465,0
63.411,-55.357,0
63.448,-55.248,0
63.485,-55.14,0
63.522,-55.032,0
63.558,-54.924,0
63.594,-54.816,0
63.63,-54.708,0
63.666,-54.6,0
63.702,-54.492,0
63.738,-54.383,0
63.773,-54.275,0
63.808,-54.167,0
63.843,-54.059,0
63.878,-53.951,0
63.913,-53.843,0
63.947,-53.734,0
63.982,-53.626,0
64.016,-53.518,0
64.05,-53.41,0
64.084,-53.302,0
64.118,-53.193,0
64.151,-53.085,0
64.184,-52.977,0
64.217,-52.869,0
64.25,-52.761,0
64.283,-52.652,0
64.316,-52.544,0
64.348,-52.436,0
64.38,-52.328,0
64.413,-52.219,0
64.444,-52.111,0
64.476,-52.003,0
64.508,-51.895,0
64.539,-51.787,0
64.57,-51.678,0
64.601,-51.57,0
64.632,-51.462,0
64.663,-51.354,0
64.693,-51.245,0
64.724,-51.137,0
64.754,-51.029,0
64.784,-50.921,0
64.814,-50.812,0
64.843,-50.704,0
64.873,-50.596,0
64.902,-50.488,0
64.931,-50.38,0
64.96,-50.271,0
64.989,-50.163,0
65.018,-50.055,0
65.046,-49.947,0
65.074,-49.839,0
65.102,-49.73,0
65.13,-49.622,0
65.158,-49.514,0
65.186,-49.406,0
65.213,-49.298,0
65.24,-49.19,0
65.267,-49.081,0
65.294,-48.973,0
65.321,-48.865,0
65.347,-48.757,0
65.374,-48.649,0
65.4,-48.541,0
65.426,-48.433,0
65.452,-48.325,0
65.478,-48.216,0
65.503,-48.108,0
65.528,-48,0
65.553,-47.892,0
65.578,-47.784,0
65.603,-47.676,0
65.628,-47.568,0
65.652,-47.46,0
65.677,-47.352,0
65.701,-47.244,0
65.725,-47.136,0
65.749,-47.028,0
65.772,-46.92,0
65.796,-46.812,0
65.819,-46.704,0
65.842,-46.596,0
65.865,-46.488,0
65.888,-46.381,0
65.91,-46.273,0
65.933,-46.165,0
65.955,-46.057,0
65.977,-45.949,0
65.999,-45.841,0
66.02,-45.733,0
66.042,-45.626,0
66.063,-45.518,0
66.085,-45.41,0
66.106,-45.302,0
66.127,-45.195,0
66.147,-45.087,0
66.168,-44.979,0
66.188,-44.871,0
66.208,-44.764,0
66.228,-44.656,0
66.248,-44.548,0
66.268,-44.441,0
66.287,-44.333,0
66.307,-44.226,0
66.326,-44.118,0
66.345,-44.011,0
66.364,-43.903,0
66.382,-43.796,0
66.401,-43.688,0
66.419,-43.581,0
66.437,-43.473,0
66.455,-43.366,0
66.473,-43.258,0
66.491,-43.151,0
66.508,-43.044,0
66.526,-42.936,0
66.543,-42.829,0
66.56,-42.722,0
66.576,-42.614,0
66.593,-42.507,0
66.61,-42.4,0
66.626,-42.293,0
66.642,-42.185,0
66.658,-42.078,0
66.674,-41.971,0
66.689,-41.864,0
66.705,-41.757,0
66.72,-41.65,0
66.735,-41.543,0
66.75,-41.436,0
66.765,-41.329,0
66.78,-41.222,0
66.794,-41.115,0
66.808,-41.008,0
66.822,-40.901,0
66.836,-40.794,0
66.85,-40.688,0
66.864,-40.581,0
66.877,-40.474,0
66.891,-40.367,0
66.904,-40.261,0
66.917,-40.154,0
66.929,-40.047,0
66.942,-39.941,0
66.954,-39.834,0
66.967,-39.727,0
66.979,-39.621,0
66.991,-39.514,0
67.003,-39.408,0
67.014,-39.301,0
67.026,-39.195,0
67.037,-39.089,0
67.048,-38.982,0
67.059,-38.876,0
67.07,-38.77,0
67.08,-38.663,0
67.091,-38.557,0
67.101,-38.451,0
67.111,-38.345,0
67.121,-38.239,0
67.131,-38.133,0
67.141,-38.026,0
67.15,-37.92,0
67.159,-37.814,0
67.169,-37.708,0
67.178,-37.603,0
67.186,-37.497,0
67.195,-37.391,0
67.204,-37.285,0
67.212,-37.179,0
67.22,-37.073,0
67.228,-36.968,0
67.236,-36.862,0
67.244,-36.756,0
67.251,-36.651,0
67.258,-36.545,0
67.266,-36.44,0
67.273,-36.334,0
67.279,-36.229,0
67.286,-36.123,0
67.293,-36.018,0
67.299,-35.913,0
67.305,-35.807,0
67.311,-35.702,0
67.317,-35.597,0
67.323,-35.492,0
67.328,-35.386,0
67.334,-35.281,0
67.339,-35.176,0
67.344,-35.071,0
67.349,-34.966,0
67.354,-34.861,0
67.358,-34.756,0
67.363,-34.652,0
67.367,-34.547,0
67.371,-34.442,0
67.375,-34.337,0
67.379,-34.233,0
67.382,-34.128,0
67.386,-34.023,0
67.389,-33.919,0
67.392,-33.814,0
67.395,-33.71,0
67.398,-33.605,0
67.401,-33.501,0
67.403,-33.397,0
67.406,-33.292,0
67.408,-33.188,0
67.41,-33.084,0
67.412,-32.98,0
67.413,-32.876,0
67.415,-32.771,0
67.416,-32.667,0
67.417,-32.563,0
67.418,-32.46,0
67.419,-32.356,0
67.42,-32.252,0
67.421,-32.148,0
67.421,-32.044,0
67.421,-31.941,0
67.421,-31.837,0
67.421,-31.733,0
67.421,-31.63,0
67.421,-31.526,0
67.42,-31.423,0
67.42,-31.319,0
67.419,-31.216,0
67.418,-31.113,0
67.417,-31.01,0
67.415,-30.906,0
67.414,-30.803,0
67.412,-30.7,0
67.41,-30.597,0
67.409,-30.494,0
67.406,-30.391,0
67.404,-30.288,0
67.402,-30.185,0
67.399,-30.083,0
67.396,-29.98,0
67.394,-29.877,0
67.391,-29.774,0
67.387,-29.672,0
67.384,-29.569,0
67.381,-29.467,0
67.377,-29.364,0
67.373,-29.262,0
67.369,-29.16,0
67.365,-29.058,0
67.361,-28.955,0
67.356,-28.853,0
67.352,-28.751,0
67.347,-28.649,0
67.342,-28.547,0
67.337,-28.445,0
67.332,-28.343,0
67.327,-28.241,0
67.321,-28.14,0
67.315,-28.038,0
67.31,-27.936,0
67.304,-27.835,0
67.298,-27.733,0
67.291,-27.632,0
67.285,-27.53,0
67.278,-27.429,0
67.272,-27.328,0
67.265,-27.226,0
67.258,-27.125,0
67.25,-27.024,0
67.243,-26.923,0
67.236,-26.822,0
67.228,-26.721,0
67.22,-26.62,0
67.212,-26.519,0
67.204,-26.419,0
67.196,-26.318,0
67.188,-26.217,0
67.179,-26.117,0
67.17,-26.016,0
67.161,-25.916,0
67.152,-25.815,0
67.143,-25.715,0
67.134,-25.615,0
67.125,-25.515,0
67.115,-25.414,0
67.105,-25.314,0
67.095,-25.214,0
67.085,-25.114,0
67.075,-25.014,0
67.065,-24.915,0
67.054,-24.815,0
67.044,-24.715,0
67.033,-24.616,0
67.022,-24.516,0
67.011,-24.416,0
67,-24.317,0
66.988,-24.218,0
66.977,-24.118,0
66.965,-24.019,0
66.953,-23.92,0
66.941,-23.821,0
66.929,-23.722,0
66.917,-23.623,0
66.904,-23.524,0
66.892,-23.425,0
66.879,-23.326,0
66.866,-23.227,0
66.853,-23.129,0
66.84,-23.03,0
66.827,-22.932,0
66.813,-22.833,0
66.8,-22.735,0
66.786,-22.637,0
66.772,-22.538,0
66.758,-22.44,0
66.744,-22.342,0
66.73,-22.244,0
66.715,-22.146,0
66.701,-22.048,0
66.686,-21.951,0
66.671,-21.853,0
66.656,-21.755,0
66.641,-21.658,0
66.625,-21.56,0
66.61,-21.463,0
66.594,-21.365,0
66.579,-21.268,0
66.563,-21.171,0
66.547,-21.073,0
66.53,-20.976,0
66.514,-20.879,0
66.498,-20.782,0
66.481,-20.685,0
66.464,-20.589,0
66.447,-20.492,0
66.43,-20.395,0
66.413,-20.299,0
66.396,-20.202,0
66.378,-20.106,0
66.361,-20.009,0
66.343,-19.913,0
66.325,-19.817,0
66.307,-19.721,0
66.289,-19.625,0
66.271,-19.529,0
66.252,-19.433,0
66.234,-19.337,0
66.215,-19.241,0
66.196,-19.146,0
66.177,-19.05,0
66.158,-18.954,0
66.139,-18.859,0
66.119,-18.764,0
66.1,-18.668,0
66.08,-18.573,0
66.06,-18.478,0
66.04,-18.383,0
66.02,-18.288,0
66,-18.193,0
65.979,-18.098,0
65.959,-18.003,0
65.938,-17.909,0
65.917,-17.814,0
65.896,-17.72,0
65.875,-17.625,0
65.854,-17.531,0
65.833,-17.437,0
65.811,-17.343,0
65.789,-17.248,0
65.768,-17.154,0
65.746,-17.06,0
65.724,-16.967,0
65.701,-16.873,0
65.679,-16.779,0
65.657,-16.685,0
65.634,-16.592,0
65.611,-16.498,0
65.589,-16.405,0
65.566,-16.312,0
65.542,-16.219,0
65.519,-16.126,0
65.496,-16.032,0
65.472,-15.94,0
65.449,-15.847,0
65.425,-15.754,0
65.401,-15.661,0
65.377,-15.569,0
65.353,-15.476,0
65.328,-15.384,0
65.304,-15.291,0
65.279,-15.199,0
65.254,-15.107,0
65.23,-15.015,0
65.205,-14.923,0
65.179,-14.831,0
65.154,-14.739,0
65.129,-14.647,0
65.103,-14.555,0
65.078,-14.464,0
65.052,-14.372,0
65.026,-14.281,0
65,-14.189,0
64.974,-14.098,0
64.947,-14.007,0
64.921,-13.916,0
64.894,-13.825,0
64.868,-13.734,0
64.841,-13.643,0
64.814,-13.553,0
64.787,-13.462,0
64.76,-13.371,0
64.732,-13.281,0
64.705,-13.191,0
64.677,-13.1,0
64.649,-13.01,0
64.622,-12.92,0
64.594,-12.83,0
64.565,-12.74,0
64.537,-12.65,0
64.509,-12.561,0
64.48,-12.471,0
64.452,-12.381,0
64.423,-12.292,0
64.394,-12.202,0
64.365,-12.113,0
64.336,-12.024,0
64.307,-11.935,0
64.277,-11.846,0
64.248,-11.757,0
64.218,-11.668,0
64.188,-11.579,0
64.159,-11.491,0
64.129,-11.402,0
64.098,-11.314,0
64.068,-11.225,0
64.038,-11.137,0
64.007,-11.049,0
63.977,-10.961,0
63.946,-10.873,0
63.915,-10.785,0
63.884,-10.697,0
63.853,-10.61,0
63.822,-10.522,0
63.79,-10.434,0
63.759,-10.347,0
63.727,-10.26,0
63.695,-10.172,0
63.663,-10.085,0
63.631,-9.9983,0
63.599,-9.9114,0
63.567,-9.8245,0
63.535,-9.7378,0
63.502,-9.6511,0
63.47,-9.5646,0
63.437,-9.4781,0
63.404,-9.3917,0
63.371,-9.3055,0
63.338,-9.2193,0
63.305,-9.1332,0
63.272,-9.0473,0
63.238,-8.9614,0
63.205,-8.8756,0
63.171,-8.7899,0
63.137,-8.7044,0
63.103,-8.6189,0
63.069,-8.5335,0
63.035,-8.4482,0
63.001,-8.363,0
62.966,-8.2779,0
62.932,-8.1929,0
62.897,-8.108,0
62.862,-8.0233,0
62.828,-7.9386,0
62.793,-7.854,0
62.757,-7.7695,0
62.722,-7.6851,0
62.687,-7.6008,0
62.651,-7.5166,0
62.616,-7.4325,0
62.58,-7.3485,0
62.544,-7.2647,0
62.509,-7.1809,0
62.472,-7.0972,0
62.436,-7.0136,0
62.4,-6.9301,0
62.364,-6.8467,0
62.327,-6.7635,0
62.291,-6.6803,0
62.254,-6.5972,0
62.217,-6.5142,0
62.18,-6.4314,0
62.143,-6.3486,0
62.106,-6.2659,0
62.069,-6.1834,0
62.031,-6.1009,0
61.994,-6.0186,0
61.956,-5.9363,0
61.918,-5.8542,0
61.881,-5.7721,0
61.843,-5.6902,0
61.804,-5.6084,0
61.766,-5.5266,0
61.728,-5.445,0
61.69,-5.3635,0
61.651,-5.2821,0
61.612,-5.2008,0
61.574,-5.1196,0
61.535,-5.0385,0
61.496,-4.9575,0
61.457,-4.8766,0
61.418,-4.7958,0
61.378,-4.7151,0
61.339,-4.6346,0
61.3,-4.5541,0
61.26,-4.4737,0
61.22,-4.3935,0
61.18,-4.3134,0
61.14,-4.2333,0
61.1,-4.1534,0
61.06,-4.0736,0
61.02,-3.9938,0
60.98,-3.9142,0
60.939,-3.8347,0
60.899,-3.7553,0
60.858,-3.6761,0
60.817,-3.5969,0
60.776,-3.5178,0
60.735,-3.4388,0
60.694,-3.36,0
60.653,-3.2812,0
60.611,-3.2026,0
60.57,-3.1241,0
60.528,-3.0457,0
60.487,-2.9674,0
60.445,-2.8892,0
60.403,-2.8111,0
60.361,-2.7331,0
60.319,-2.6552,0
60.277,-2.5775,0
60.235,-2.4998,0
60.192,-2.4223,0
60.15,-2.3448,0
60.107,-2.2675,0
60.065,-2.1903,0
60.022,-2.1132,0
59.979,-2.0362,0
59.936,-1.9594,0
59.893,-1.8826,0
59.85,-1.8059,0
59.806,-1.7294,0
59.763,-1.653,0
59.72,-1.5766,0
59.676,-1.5004,0
59.632,-1.4243,0
59.588,-1.3484,0
59.545,-1.2725,0
59.501,-1.1967,0
59.456,-1.1211,0
59.412,-1.0456,0
59.368,-0.97013,0
59.324,-0.89483,0
59.279,-0.81963,0
59.234,-0.74455,0
59.19,-0.66958,0
59.145,-0.59473,0
59.1,-0.51999,0
59.055,-0.44536,0
59.01,-0.37085,0
58.965,-0.29645,0
58.92,-0.22217,0
58.965,-0.29645,0
58.965,-0.29645,0
58.965,-0.29645,0
